:020000041000EA
:10000000002008205B0100101B010010C916001021
:100010001101001011010010110100101101001058
:100020001901001019010010190100101F01001022
:10003000110100101901001021010010230100100E
:100040001101001011010010110100101101001028
:100050001101001011010010110100101101001018
:100060001101001011010010110100101101001008
:1000700011010010110100101101001011010010F8
:1000800011010010110100101101001011010010E8
:1000900011010010110100101101001011010010D8
:1000A00011010010110100101101001011010010C8
:1000B00011010010110100101101001011010010B8
:1000C00011010010110100101101001011010010A8
:1000D0001101001011010010110100101101001098
:1000E0001101001011010010110100101101001088
:1000F0001101001011010010110100101101001078
:100100001101001011010010110100101101001067
:10011000EFF30580103800BE00BE00BE00BE00BE7A
:1001200000BE00BEF2EB8871600201108002011077
:100130009C01001090A31AE7D3DEFFFF42012110BB
:10014000FF010000241E0100793512AB00201E497A
:10015000086006C881F3088810474FF050400068D7
:1001600008B10020F3E70DA40ECC002902D000F066
:1001700012F8F9E71549164A002000E001C1914242
:10018000FCD114498847144988471449884700BE60
:10019000FDE701C901C29A42FBD3704780020110FA
:1001A00010010020EC1D00205C1F01100000082041
:1001B000000008205C1F011000100820001008201B
:1001C000000000007047000008ED00E0EC1D00207A
:1001D000A43200207DA10010E101001075A10010E3
:1001E00010B50AF029F94FF4967404E00A2007F0DC
:1001F000A3FE013C03D00AF047FC0028F6D096206D
:1002000007F09AFE00F0F2F828B100F0F1FA00F0E1
:10021000FDFA002010BD0220014900F0A9F8F4E722
:1002200070F400100FB400B583B004A951F8040BAA
:1002300001910AF0A9F903B05DF804EB04B070472E
:1002400008B507F081FF4FF47A7200230FF0DCF855
:1002500008BD00BF08F0B4BB08F0C4BB02280A46C2
:1002600004D0A0F10100B0FA80F04009034B04492A
:10027000002A08BF1A4600F07BB800BF18F700102C
:10028000A4F40010084B10B5002918BF0B46044613
:10029000064884B00068CDE90132039068460094B6
:1002A00000F0E0F804B010BD18F70010542300204F
:1002B000014B1860704700BF5423002010B504465E
:1002C000164821460DF0C6FBD8B1214614480DF062
:1002D000C1FBA8B1214613480DF0BCFBB0B12146CB
:1002E00011480DF0B7FB98B1214610480DF0B2FB54
:1002F00080B121460E480DF0ADFB68B1002010BD65
:1003000001200C4B03EBC003586810BD0220F8E736
:100310000320F6E70420F4E70520F2E7A8F4001034
:10032000B4F40010C0F40010CCF40010D4F40010A9
:10033000DCF40010A0FD00100EB430B582B005ACA6
:1003400054F8045B084909480AF080F92146284618
:1003500001940AF019F90A200AF0B6F802B0BDE8D3
:10036000304003B0704700BFF4F40010F8F4001000
:100370000EB400B5012882B014D0022810D10A4969
:100380000A480AF063F904A9039801910AF0FCF8FD
:100390000A200AF099F802B05DF804EB03B0704748
:1003A0000349EDE70349EBE700F50010F8F400100E
:1003B000F4F40010FCF40010014B0248C01A70471E
:1003C000A43200200000082000B58BB068460CF075
:1003D000E9FB044B0448C01A079BC01A0BB05DF838
:1003E00004FB00BFA43200200000082030B51649ED
:1003F0008DB00020FFF7A0FF02A80CF0D3FB134A3A
:10040000134B099C9B1A9D0A1B1B0020114A124981
:100410009B0A0095FFF790FF012000F0E5FF0446DE
:1004200050B101F0FBF802460C490020920AFFF798
:1004300083FF20460DB030BD02200949FFF798FF29
:1004400020460DB030BD00BF04F50010A4320020DE
:100450000000082018F5001020F5001058F50010D5
:1004600040F500102DE9F8430746E0B10568D5B125
:10047000806898B1DFF85890D9F80080B8F1000F83
:1004800021D00024114E01E0A04509D023012946C6
:10049000F0580DF0DFFA01340028F5D1BDE8F883FB
:1004A000B8F1600F02D10020BDE8F88308F1010324
:1004B00006EB0816C9F8003097E80F0086E80F0031
:1004C0000120BDE8F8830123004EF1E7D823002086
:1004D000D82900200F4B2DE9F041D3F80080B8F166
:1004E000000F15D0064600240B4D01E044450CD00A
:1004F00023013146E8580DF0ADFA05EB041701343D
:100500000028F3D13846BDE8F0810020BDE8F08135
:100510004046F8E7D8290020D8230020014B18686E
:10052000704700BFD8290020044B1B68834286BF58
:10053000034B03EB00100020704700BFD8290020B8
:10054000D823002008B506480AF000F8642007F018
:10055000F3FC00221146104607F0F4FEFEE700BF50
:1005600074F5001008B502480AF070F8002008BDC4
:1005700080F5001008B5034903480AF067F8002029
:1005800008BD00BF18F5001088F5001002282DE9FD
:10059000F04137DD0E460A220021B0680CF0F6FA71
:1005A000451EB5F5802F074626D208F009FA804689
:1005B00088B339461A480AF049F808F1FF3445442F
:1005C000184809F03BFF831CFAD004F8010FAC4235
:1005D000F6D13A464146706800F066FF0446404650
:1005E00008F000FA3B46726884B10F490F480AF0E0
:1005F0002DF80020BDE8F0810D4809F0A7FF01208B
:10060000BDE8F0810B4809F0A1FFF8E70A49074867
:100610000AF01CF8F3E7094809F098FFEFE700BF7C
:10062000DCF50010404B4C00F0F50010F8F5001020
:10063000C0F50010A8F5001008F60010CCF5001069
:1006400070B5FFF76BFF01460D4809F0FFFF00246E
:100650000C4D0D4E0EE02046FFF766FF0246D368B4
:100660001168002B0CBF2B4633460848526809F02E
:10067000EDFF0134FFF752FFA042ECD8002070BD1F
:1006800018F6001018F7001010F6001028F60010E9
:100690002DE9F0410128A0B06EDD02280C4645D1BD
:1006A000002500236A46606801A9009300F026FF38
:1006B000002842D0FFF788FE04A9064601A800F0F2
:1006C00065F90446009800F057FF002C3ED1DFF892
:1006D000DC8004980CAFFFF7EBFD2846099BC8F8B7
:1006E0000070984705462046C8F80040FFF7E0FD37
:1006F00007E02046FFF718FF049BC16801349942C8
:1007000031D0FFF70BFFA042F3D804A800F024F982
:10071000FFF75AFE864235D01B4B2A4639461B4806
:1007200009F094FF284620B0BDE8F0810A2200219C
:10073000A0680CF013FF0546B3E76168144809F0A0
:1007400085FF0125284620B0BDE8F081204600F055
:10075000F7F89DF84C30014693B10E4A13AB0E48A2
:1007600009F074FFEDE72A4639460C4809F06EFFA0
:10077000284620B0BDE8F081094809F0E7FEE0E72F
:10078000084AEBE7084BC8E748F6001094F600105B
:1007900068F6001038F600107CF60010BCF6001069
:1007A00050F6001018F700103CF60010342E002010
:1007B00008B500F0F1FE002008BD00BF10B5FFF73E
:1007C00003FE0446FFF7F8FD0246A10A920A064816
:1007D00009F03CFF00F022FF01460448890A09F0B5
:1007E00035FF002010BD00BFE8F6001004F7001030
:1007F00038B5054C04F1800520461034FFF732FE71
:10080000AC42F9D138BD00BFD0FD001070B53D48F5
:10081000B0B009F09BFE00253B4809F017FF00240B
:10082000002009F00BFE0D280EDC831CF8DB831C76
:100830000F2B0BD8DFE803F0440A0A0A0A0A0A0A57
:100840000A0A480A1E0A0A1E7F283DD0A0F120038A
:100850005E2B04F10106E3D87F2E44D9002009F075
:10086000EDFD0D28E1DD7F28F0D12848013C09F09D
:10087000EDFED5E70A206C4409F026FE84F84050CE
:100880009DF84030002BC7D0202B684632D1002481
:1008900010AB13F8012F202AFBD0C2B1013440F86D
:1008A000043B194613F8012F1AB1202AF9D11D7003
:1008B0008B1C1A786AB1102C0BD0202AE9D0EDE7F6
:1008C000022007F039FBABE7002CA9D0CDE7002CC4
:1008D000A2D00098FFF7FEFD034670B1694620469E
:1008E0009B68984797E76C4484F8400009F0ECFD5A
:1008F000344695E7002410ABD0E70099044809F08E
:10090000A5FE88E71CF700102CF7001034F7001044
:1009100038F7001038B5044608460D460BF0FEFFC8
:100920002F2828BF2F202946054604F13C002A46DF
:100930000EF032FD00232C4484F83C3038BD00BF5B
:100940000D289ABF024B53F820000248704700BFA1
:1009500050FE0010E8F80010A0B110B50446006881
:1009600010B1094B1B689847A06810B1064B1B6873
:1009700098470023C4E903332360A3606361636085
:10098000E36610BD704700BFB81700202DE9F04F97
:100990008B460446ADF6242D009070220021584667
:1009A0000EF012FDA368013B322B40F2E5800BAD47
:1009B00034232A46002166682068B047342840F076
:1009C000DB80B54B2A689A4240F0DC802E79012EFC
:1009D00040F0D8802B8A012B40F0DA806B8A282BDC
:1009E00040F0D8802B8E302B00F2D98003EB8303AC
:1009F0004FEAC308002B00F0CF80009B296A9B6858
:100A00003BB1994200F2B88001EB08029342C0F07A
:100A1000B3800098A8AB1A46D0E90007019343467B
:100A2000B847404540F0A8806B8E019A03EB8303E2
:100A300002EBC307D7F81480404607F0C1FF0290CD
:100A4000002800F0F483B8F1000F13D0009B39693F
:100A50009B683BB1994200F28C8008EB0102934203
:100A6000C0F0878000984346D0E90007029AB84753
:100A700040457ED1B5F83090B9F1000F00F0C58146
:100A8000019B00279846029C049303E001374F45E1
:100A900000F0BB81D8F80000804920440CF0DAFF58
:100AA00008F128080028F1D1019B07EB870703EB29
:100AB000C707009B82469B6839692BB1994258D879
:100AC00001F12402934254D3009A2423D2E900076F
:100AD0000BF11802B84724284BD1714BDBF81820D2
:100AE0009A4240F0FE80BBF81C70012F59D1BBF830
:100AF0001E30012B55D84FF41072002118A80EF0AB
:100B000063FCDFF8A091B5F83080D9F80040B8F167
:100B1000000F00F0748318AA08EB480E0023019818
:100B200002EB8E0ECDF80CA013E0BCF1040F38BF21
:100B30004FF0040CCCF1000A013B634403EA0A03C2
:100B4000C2E9003117720B440C32724500F12800E3
:100B50002CD081688907F7D541690029F4D0D0F8F5
:100B600020C0BCF1000FE0D16FF0030A4FF0040C7D
:100B7000E2E7029807F036FF012630460DF6242DF5
:100B8000BDE8F08F022630460DF6242DBDE8F08F2B
:100B90000326F2E70426F0E7A8AB019344E70D260D
:100BA000EBE7029807F01EFF0726E6E70020033375
:100BB00008EB880123F00308019BDDF80CA003EB90
:100BC000C1015A682833092A04BF53F8142C00EBDA
:100BD000D2009942F5D10130B8F1000F4FEA001769
:100BE00014BF40460420A047002800F0598303901A
:100BF000D9F8002038469047039B002800F0108366
:100C000007EB0802CBF80C700027298ECBE90038DF
:100C1000CBF80800CBF86C20CBF81070002900F05E
:100C20003783CDF814A006969A46DDF80490009E0E
:100C30000DF1600819E08BB1B268D9F8101022B13B
:100C4000914231D8CB189A422ED30246D6E90004FD
:100C5000039BA047039B984226D1298E0137B942B6
:100C600008F10C0809F1280940DD98F80830002B3C
:100C7000F4D0D8F80000D9F80420D9F81430504442
:100C8000082AC8F800000393D5D100211A460EF0B7
:100C90009BFB298EE2E700BF7F454C46F8F8001029
:100CA00041435052BC170020029807F09BFEDBF82E
:100CB000000010B1A64B1B689847DBF8080010B184
:100CC000A34B1B6898470023CBE90433CBF80030D3
:100CD000CBF80830CBF80C30CBF80430CBF86C30C4
:100CE0004AE7029807F07EFE062646E7DDE905A6FC
:100CF000002900F0CD824FF00008019B04E008F1CC
:100D00000108414500F0C4825A682833022AF6D10E
:100D1000019A08EB880302EBC3077B69059118462B
:100D2000069307F04DFE4FEA8804059903900028CA
:100D300000F0EB82069AB2B1009B39699B6833B12F
:100D4000994200F2FC810A449342C0F0F881DDF838
:100D5000189000984B46D0E90007039AB8474845D9
:100D600040F0ED81298E019A04EB080302EBC303E6
:100D70009B69994240F2E38103EB830302EBC307D3
:100D8000D7F81480404607F01BFE0190002800F0C1
:100D9000B982B8F1000F14D0009B39699B683BB150
:100DA000994200F2C98108EB01029342C0F0C4816C
:100DB000DDE90002D0E900074346B847404540F06E
:100DC000BB81B5F83080B8F1000F00F0EA81049FD4
:100DD00042467B680896092B0DD1D7F81C904A45EE
:100DE00009D909EB49030DEB830393F868304FEA07
:100DF0004908059373B90AF1010A524540F3D081BD
:100E0000FB6A2837092BE8D0F5E7029807F0EAFDDE
:100E10000526B2E67E69F3083046079307F0D0FD59
:100E20000490002800F06C82002E00F0B081009B3E
:100E300039699A6832B1914200F236827018824262
:100E4000C0F0328200983346D0E90004049AA047EB
:100E5000B04240F02982079B002B00F098811A468F
:100E6000C14418AB53F82960049BCDF81CA003EBD8
:100E7000C2021C46B2469046099703E00834444536
:100E800000F08281636813F0FF09F7D0039A1B0A10
:100E900002EB03110A7B4FEA031C02F00F02A2F1DE
:100EA0000202B2FA82F2CB8926685209002B00F0C6
:100EB00037814FF6F170834200F09F81288E98426F
:100EC00040F2478103EB43030DEB830090F8680089
:100ED000002800F03E8118A850F823004B68184401
:100EE000A9F1020306EB0A0C2E2B33D8DFE813F02E
:100EF000DC00FE00320032003200320032003200EC
:100F0000850032003200320032003200F800120157
:100F10003200320032003200320032003200320041
:100F200032003200320032008500320032003200DE
:100F30003200320032003200DC0032003200320077
:100F4000060132003200320032006200620000BF4F
:100F5000B8170020B9F1300F00F2C381B9F1010FC9
:100F600000F0A980A9F10A03202B00F2A480DFE899
:100F700013F0C501A200A200A200A200A200C301BA
:100F8000C101A200A200A200A200A200A200A20031
:100F9000A200A200A200A200A200BF01A200A20023
:100FA000A200A200A200A200A200D501A200A200FD
:100FB000A200D30136F80A300244B9F1300F08BF5D
:100FC000120C23F48163C2F3033123F007030B43B4
:100FD000C2F3C02143EA812326F80A30BCF802306C
:100FE000D1B223F4E14323F07F030B43C2F3022287
:100FF00043EA0233ACF8023040E7BCF8023036F87E
:101000000AE0590B81EA9E21DA0A82EA9E22C9434C
:101010006FEA0209C3F30A035A00CEF38023CEF32A
:10102000090E42EA0E3242EA03625B4203F07E435B
:101030001A4301F0010142EAC15209F0010942EAF2
:10104000895204320244A2EB0C0303F1807104398B
:10105000B1F1007FC0F0F580DBF81000DBF808701C
:1010600042F00102002800F02481002307F10C095E
:1010700003E01033984240F21C8159F803108A4271
:10108000F7D1F91841F0010121F00103A3EB0C03A2
:1010900003F18072043AB2F1007FC0F0D28004986C
:1010A00007F0A0FC0C260EE056F80A300344134467
:1010B00046F80A30E2E69A495846FFF72BFC0498B6
:1010C00007F090FC0B26019807F08CFC039807F0C2
:1010D00089FC029807F086FC5846FFF73DFC4CE57A
:1010E00036F80A30034426F80A30C7E656F80A30C4
:1010F000A3EB0C03034446F80A30BFE656F80A2077
:1011000042F31E03A3EB0C03034463F31E0246F8F1
:101110000A20B3E616F80A30034406F80A30ADE6B2
:10112000039B53F80C70019B1F443846FFF7C6F829
:1011300000287ED0059AD3E6019807F053FC039867
:1011400007F050FC029807F04DFC5846FFF704FCEE
:1011500012E5039B53F80C40019B1C4420460BF006
:10116000DDFB2F2828BF2F20214604460BF13C0031
:1011700022460EF011F900235C44049884F83C30B8
:1011800007F030FC0A269EE7DDF81CA0099F0498B2
:1011900007F028FC2A8E0AF1010A52453FF730AECB
:1011A0009046069B1E0930D0039C04EB0616E58989
:1011B00045B3019B20685B4918440CF04BFC074683
:1011C00000BB454521D20C2303FB05F518AB2B448E
:1011D0001B7AD3B118AB62685B590198134443F092
:1011E0000103CBF8143007F0FDFB039807F0FAFB7E
:1011F000029807F0F7FB3E46BFE4486870E6102708
:101200000420F0E41034B442D1D1019807F0EAFB95
:10121000039807F0E7FB029807F0E4FB09265BE779
:10122000414A184613689847029807F0DBFB0826E6
:10123000A3E458463946FFF76DFB049807F0D2FB4C
:10124000A0E7043B36F80A00D90FC3F309326FF365
:101250000A0042EA8122024326F80A20BCF8022052
:10126000C3F3C05022F43F52C3F34A0622F03F02B8
:101270004840C3F3805380F0010032434B4042EAC0
:10128000403283F0010342EAC322ACF80220F5E5C4
:10129000029807F0A7FB5846FFF75EFB09266CE4AF
:1012A000029807F09FFBC2E70498089E07F09AFB9C
:1012B00009E7DBF80C3000F1100199423FF6EFAE80
:1012C00044F26073194939503918CA608B60DBF8F1
:1012D0001030174A10334A60CBF8103041F001014A
:1012E000D2E60F49134BB9F1660F08BF1946E3E682
:1012F0001149E1E61149DFE61149DDE61149DBE676
:101300000826E0E6039807F06DFB029807F06AFBF9
:101310005846FFF721FB8AE70B49CDE60B49CBE6A0
:1013200024F8001008F90010B817002001B4024892
:10133000844601BCC8F8001068F800105CF8001082
:1013400050F8001040F800108CF800107CF80010E5
:101350000020704710B5EFF3108472B601F560708D
:1013600000034FF480510EF05BF884F310880020E6
:1013700010BD00BF8C4610B510461946EFF310841F
:1013800072B60CF5607C029A00EB0C300EF038F867
:1013900084F31088002010BD944608B501F5813112
:1013A00001F5C0711846029A0CEB01310DF0F4FF03
:1013B000002008BD70B5044615461E460A460023A7
:1013C0002146084805F03CFE002807DB33462A4644
:1013D0002146BDE87040034805F0D6BD4FF0FF3010
:1013E00070BD00BF5823002038B5542200210446A8
:1013F00022480DF0E9FF80214FF480524FF48073B2
:101400001E4D1F482962686010214FF48070EA6108
:101410004FF4FA72C5E905331A4BC5E90A01AB600E
:10142000194B2946EB60194B19482B61194B6A621D
:101430006B63194BAB63194BEB6305F001FC20B1F7
:101440003CB92046164B187038BD0120144B18705B
:1014500038BD4FF40071134809F0F8F829460C48DC
:1014600005F04AFB002807DB2946094805F0E8FBA0
:10147000B0FA80F04009E9E7002038BDF01D0020F7
:10148000991300107513001055130010511300101C
:10149000582300205422002054210020481E002000
:1014A000993200201CFA0010124B1B780BB9002057
:1014B000704730B597B00D46144640F202530246CD
:1014C00001A90D4805F0C2FC002810DB2A4623467E
:1014D00001A9094805F06EFD054601A9064805F079
:1014E000BFFC601BB0FA80F0400917B030BD00208F
:1014F00017B030BD99320020582300202DE9F0416B
:101500001A4BC2B093F80080B8F1000F05D14FF02C
:101510000008404642B0BDE8F081074654200C4622
:10152000164607F04DFA05460028F0D00146012383
:101530003A460F4805F08AFC002812DB39466A4615
:101540000B4805F05FFC0028B8BF00234046A8BF49
:10155000019B2560A360074B6360356042B0BDE826
:10156000F081284607F03EFAD1E700BF993200200B
:1015700058230020B513001050B110B504460146A1
:10158000044805F06DFC2046BDE8104007F02ABA7B
:10159000704700BF58230020194B1B781BB330B590
:1015A000D1B0184A184801A905F0B8FD002822DB7F
:1015B00000250EAC02E02378012B0DD02246124804
:1015C00001A905F007FE0028F5DC0F4801A905F088
:1015D000F3FD5DB151B030BD62680C4810A909F04F
:1015E00035F80135EAE70A4808F0B0BF094808F0C5
:1015F000ADFF51B030BD084808F0A8FFEAE700BFD2
:10160000993200205CFA00105823002074FA001070
:1016100048FA001084FA001060FA001008B5074B71
:101620001B780BB9002008BD054805F02FFE0028E7
:10163000F8DBC0F18000000308BD00BF9932002034
:101640005823002038B50D4604460A2008F03CFF18
:101650002946154808F0FAFF144B196811B11448CF
:1016600008F0F4FFD4E90521124808F0EFFFD4E9AF
:101670000012114808F0EAFFD4E902120F4808F0FE
:10168000E5FFE1690E4808F0E1FF0E4808F05EFF53
:10169000C8240A2006F050FC013CFAD1224621461B
:1016A000204606F04FFEFEE7BCFA0010342E002064
:1016B000C8FA0010D8FA0010FCFA001020FB001045
:1016C00044FB001058FB001004207146084202D071
:1016D000EFF3098001E0EFF308800149FFF7B2BFA3
:1016E00088FE0010CA00034600684CBF174A184A1B
:1016F00010B480EA0104144217D040F30902013209
:1017000013D0144A114C024042F09F420C4042F464
:10171000E002944209D00A0D02F4E064B4F5806F4F
:1017200009D000205DF8044B7047002201205DF8CD
:10173000044B1A607047C0F38924C1F389218C429D
:10174000EFD352B200EB82201860EAE700FCFF7F83
:1017500000FC0F7000FC0F00034641F30902B2F1D8
:10176000FF3F08BF01311A68C1F309010432114477
:1017700000201960704700BF2DE9F04F87B0039338
:10178000836EDDF84CB0DB69DDE9106404EB0B0718
:101790009F4200F2B180C36E824688461546002BF8
:1017A00040F0A780BBF1000F00F0BB80039B1096B8
:1017B000013B0493B8F1000F5BD0D8F80030109AC9
:1017C00093425BD02B685F46934266D0DAF868009C
:1017D000039B41695B45B4FBF1F2D0F8049001FB37
:1017E000124266D8002A64D18B4562D3B7FBF1F36D
:1017F00001FB03F31E4600932246129B10990596A7
:10180000BE1BC847002800F0818007B0BDE8F08FFC
:10181000D5E901733B449C4271D35F46DAF8680016
:10182000039B41695B45B4FBF1F2D0F8048001FBF6
:10183000124202D80AB9594577D9109B171B2B6061
:10184000049BA21A0B442344B3FBF1F301FB03F303
:10185000C1696A608B4294BFFF187F18836A109930
:101860009F4228BF1F46EB68AF600097C047002823
:10187000CBD12B68109A9A42CFD1C9E7D8E901732E
:101880003B44A3429ED9A74240F283803F1B2B6872
:101890005F4528BF5F46934298D1D5E901130B44B9
:1018A000A34293D9A1425ED9091B8F4228BF0F469C
:1018B0008CE7109B171B2B60049BA21A0B4423443C
:1018C000B3FBF1F301FB03F3C1696A608B4294BF80
:1018D000FF187F18836A10999F4228BF1F46EB6844
:1018E000AF600097C84700283FF467AF07B0BDE876
:1018F000F08FB3423FF656AF6FF0530085E7BC421E
:101900005FD23F1B5F4528BF5F4687E7129AF31BF4
:10191000059E9B44324412923444BBF1000F7FF485
:101920004CAF002007B0BDE8F08FB7FBF1F901FB29
:1019300009F92246129B1099CDF80090A7EB0906F1
:10194000C04700287FF461AFF31B9B44129B4C44BB
:101950004B441293BBF1000FE3D02B68109A9A42CC
:101960007FF45BAF54E71B1B9F4228BF1F46EB6809
:10197000611A19443A4612980DF00EFD129BABEB1A
:10198000070B3B4412933C44BBF1000F7FF415AFAF
:10199000C7E7A3EB0409D94528BFD946D8F80C10EE
:1019A000E71B4A46129839440DF0F6FC129BABEB4C
:1019B000090B4B4412934C44BBF1000F7FF4FDAE76
:1019C000AFE7A3EB0408D84528BFD846E968E71B72
:1019D0004246129839440DF0DFFC129BABEB080B2A
:1019E000434412934444BBF1000FB6D199E700BFC2
:1019F000134670B50826026886B00446D3E9001085
:101A0000936E04ADDB69CDE90010CDE902561046B6
:101A100002F11001FFF7B0FE60B9049B62689A42C0
:101A200008D0059DA1688D4204D08B4202D0501B86
:101A300018BF012006B070BD2DE9F04F1E4685B0DD
:101A4000836E0E9C109FDB6904EB070C9C4562D8EB
:101A5000C36E82460D469346002B5AD1002F6AD0A2
:101A60000BF1FF33029310972B689E4243D0DDF8B1
:101A700040804346DAF868005B454169D0F804903D
:101A8000B4FBF1F201FB124214D39AB98B4211D389
:101A9000B8FBF1F301FB03F31F46009322463146E6
:101AA0000F9B0397A8EB0707C847002836D005B05F
:101AB000BDE8F08F029BA2EB040C0B442344B3FB64
:101AC000F1F301FB03F3C169A21A8B4294BF9C445A
:101AD0008C44836A2E609C4528BF9C466A60EB68F4
:101AE000C5F808C03146CDF800C0C8470028DED18F
:101AF0002B689E42BBD1D5E901130B449C42B6D260
:101B00008C421CD2109BA1EB0408984528BF984634
:101B1000B0E7B342A2D86FF05300C8E7109AA7EB22
:101B200008031A44039F10920F9A3C443A440F92C0
:101B3000109B002B98D1002005B0BDE8F08FA3EBDF
:101B40000409109B611A994528BF9946EB684A46DB
:101B500019440F980DF020FC0F9B4C444B440F93FD
:101B6000109BA3EB09031093E2E700BF2DE9F04FB0
:101B70000E46096889B0CC1C03D9002009B0BDE825
:101B8000F08F8046806EB5681C46836991461D447F
:101B9000013DB5FBF3F503FB05F500958768F36898
:101BA0007268B8470028E9D1D6F80CB07CB34FF082
:101BB000FF33C9F800303368049373683DB30446BB
:101BC0001F460DF1180A059609E0324650460BEB08
:101BD00004010DF0E5FBA0B93444A54214D92A1B39
:101BE000082A164628BF08263B1900934946404656
:101BF000049BCDF804A00296FFF71EFF0028E4D056
:101C0000BCDB6FF05300B9E7059ED6F80CB0D8F8EE
:101C10006830FF219A6A58460DF0D6FB4FF0FF332B
:101C20003360AAE72DE9F84FDDF830800A9EB8F15D
:101C3000000F38D092461D4681460C460027826E22
:101C40000B6808E093692560B6FBF3F103FB01F133
:101C50002B46A7606160AB42F4D16068B042F1D816
:101C6000936A00EB030BB345ECD9ABEB060BC34512
:101C700028BFC346E368301A5A4618440B990DF042
:101C80008BFB6368A2685E44F31A934238BF134625
:101C9000D9F86820A8EB0B08926AA360934205D09C
:101CA000B8F1000F0CD10020BDE8F88F0123524697
:101CB00021464846FFF75AFF0028F1D0BDE8F88FCB
:101CC0000B9BD9F868205B440B932368C3E700BFE4
:101CD0002DE9F04FD1E903548BB04FF004098B4646
:101CE0000646DFF8CCA00592069419E006AFDBF8B3
:101CF0000030042231463046CDE90057CDF8089037
:101D0000FFF79AFE294A624098BB069B12EA0A0F27
:101D10001BBA83EA040323F00043069314D01C4645
:101D200044F30908B8F1FF3F14BF2346631CC3F313
:101D3000090303F108012A1F8D42A2EB0305D5D246
:101D400000200BB0BDE8F08FB8F1FF3FF8D00435AC
:101D50000095C4F309050C2D28BF0C2507AFDBF84F
:101D60000030314630462A4601970295FFF764FE5F
:101D7000A0B100280DDB059C0899D4E90120514051
:101D80002368099A6160079942404B40A260236032
:101D9000D6E7831CD4D00BB0BDE8F08F0146C5F167
:101DA0000C0278190DF010FB2046E2E70C00F07FE2
:101DB0000000F07F2DE9F04F9346C26B0C69170DC0
:101DC00089B017F4E06781468A46CD6807940FD042
:101DD000016CDAF80000814272D0D9F84470DAF868
:101DE0000460B7426CD0B1426AD0B84268D00027D4
:101DF000DFF80081059304E0624012EA080F45D045
:101E00001C4644F30906B6F1FF3F14BF2346631C8A
:101E1000C3F3090303F108012A1F8D42A2EB030556
:101E200057D3042207A9DAF80030484601910292FC
:101E300049460095FFF700FE210D01F4E06CABEB85
:101E40000702002839D1079BBCF5806F1BBA83EAD3
:101E5000040323F000430793CED1DFF89CC0C4F302
:101E6000892002EA0C0CC2F3892E4CF0804C70459C
:101E700049B24CF4801CBFD8A44507EB812728D079
:101E8000ABEB0702624012EA080FB9D10136059B9D
:101E90001FD012991A1D2A44DAF80030CDE900212A
:101EA000139AC4F30905954228BF1546494648468A
:101EB0002A460295FFF7C0FD80B109B0BDE8F08F5A
:101EC000C2F38922CBF389218A4202D08FD2084FF4
:101ED0008EE76FF0010009B0BDE8F08F139B01465B
:101EE0005A1B129B58190DF06FFAE019E5E700BF75
:101EF00000FCFFFF00FCF7FF00FC0F002DE9F04F96
:101F000089B00593C36B0C691F0D17F4E067814618
:101F10008A469346CD6807940DD0026C09688A42C0
:101F20006ED0466CDAF80400864269D0824267D0EF
:101F3000B14265D00027DFF8FC8004E0624012EA7D
:101F4000080F45D01C4644F30906B6F1FF3F14BF05
:101F50002346631CC3F3090303F108012A1F8D42C2
:101F6000A2EB030555D3042207A9DAF8003048464E
:101F70000191029249460095FFF75EFD210D01F4A3
:101F8000E06CABEB0702002837D1079BBCF5806FF4
:101F90001BBA83EA040323F000430793CED1DFF892
:101FA00098C0C4F3892002EA0C0CC2F3892E4CF0CD
:101FB000804C704549B24CF4801CBFD8A44507EB57
:101FC000812726D0ABEB0702624012EA080FB9D195
:101FD00001361ED0059A04350095DAF800300192DA
:101FE000129AC4F30905954228BF1546494648464A
:101FF0002A460295FFF720FD80B109B0BDE8F08FB9
:10200000C3F38923CBF38922934202D092D2084FA3
:1020100091E76FF0010009B0BDE8F08F0146129B17
:1020200005985A1B28440DF0CFF9E019E5E700BFE9
:1020300000FCFFFF00FC0F7000FC0F002DE9F04FCB
:1020400089B00593C36B0C691F0D17F4E0678146D7
:102050008A469346CD6807940DD0026C09688A427F
:102060006ED0466CDAF80400864269D0824267D0AE
:10207000B14265D00027DFF8FC8004E0624012EA3C
:10208000080F45D01C4644F30906B6F1FF3F14BFC4
:102090002346631CC3F3090303F108012A1F8D4281
:1020A000A2EB030555D3042207A9DAF8003048460D
:1020B0000191029249460095FFF7BEFC210D01F403
:1020C000E06CABEB0702002837D1079BBCF5806FB3
:1020D0001BBA83EA040323F000430793CED1DFF851
:1020E00098C0C4F3892002EA0C0CC2F3892E4CF08C
:1020F000804C704549B24CF4801CBFD8A44507EB16
:10210000812726D0ABEB0702624012EA080FB9D153
:1021100001361ED0059A04350095DAF80030019298
:10212000129AC4F30905954228BF15464946484608
:102130002A460295FFF780FC80B109B0BDE8F08F18
:10214000C3F38923CBF38922934202D092D2084F62
:1021500091E76FF0010009B0BDE8F08F0146129BD6
:1021600005985A1B28440DF02FF9E019E5E700BF48
:1021700000FCFFFF00FCFF7F00FC0F002DE9F04F8B
:102180000026AFB0BDF8EC4088460594BDF8F0409D
:1021900017460694BDF9F440B146CDE907401C4608
:1021A000CDE90E66DDF8E0B0DDF8E8A044F3090300
:1021B000B3F1FF3F14BF2546651CD8F80C203B1D2A
:1021C000C5F309051D44954270D3399B002B40F39C
:1021D0008B80013BDBF800503993DBF804300D9520
:1021E00004930BF1080B9F4A89EA050303EA0A03EB
:1021F0001340DBD1CAF38922002A77D1C5F30A53F1
:10220000002BD3D040F20112934200F0DB80B3F5F3
:10221000817F00F0A480079B049A05EB8321DDE910
:102220003E3098470028C0F2CA80BFD0002E00F090
:10223000C680013EC6EB06112EAB10AA03EB81034C
:1022400002EB8102D2E90174A3F144010EAA03C991
:1022500082E8030053E91BB2399233F85C2C53F83F
:1022600064AC059233F85A2C53F84C5C069233F95F
:10227000582C53F8788C079253F8542C53F8609CE0
:102280003E9253F8502C53F8483CCAF3892C0D95D4
:102290003F920493BCF1000FB0D0059AC5F3892397
:1022A000934283D3069A9342A8D37FE704220899E6
:1022B000D8F8003002920DAACDE900520846042257
:1022C000FFF7BAFB00287AD12F460D9DD8F80030D1
:1022D0002DBA65400E930EAB45F0004504933B1DAF
:1022E0002C460D950F937EE700209FE7C6EB061C5A
:1022F00010A901EB8C0001462EAA02EB8C0242F8D9
:10230000788CC0E9017442E919A999460598399B6E
:1023100022F85C0C069842F8683C22F85A0C0798A0
:1023200001F12C0322F8580C3E9842F86CBC42F89C
:10233000540C3F983F9342E914054B4B0498443AA0
:102340003E930EAB42F8040CCA4693E80300CDE975
:10235000069982E803000136CDF8149026E7C5F30C
:102360000903002B3FF422AF0022049B2946CDF83D
:1023700010900996CDF828800B941E46DDE93E5951
:102380001446DDF81C8005E065D10D99C1F3090202
:10239000944260D23078C1F3892101EB0802B16820
:1023A00000F5407041EA005141EA822148467268D6
:1023B000A847002804F1010406F10C06E4DA2FB066
:1023C000BDE8F08F284B3E9A9A423FF4EFAEC6EB41
:1023D00006122EAB03EB8203920000210992A3F1B7
:1023E00078003C220A930CF0EFFF09990A9B10AA8F
:1023F0000A4443F8788CC2E901740027059A0799CA
:1024000023F85C2C399A43F86CBC43E91A2A069AE3
:1024100043F8609C23F85A2C3E9A23F8581C43F842
:10242000542C3F9A4FF0FF3443F8502CC5F3090267
:10243000C5F389239B1A0B441BB20793531C4FF01F
:102440000059BB46DDF81080DFF820A00136059268
:1024500006933997AAE6DDF810900B9CDDE9096830
:10246000A4E600BF0000F07FE516001000FC0F603E
:102470002DE9F04F87B00592002B59D00F46816EA1
:102480005D1ECC698346083CA5424CD3B5FBF4F0F5
:1024900001380CF0BDFF109B0230A5EB80059C427B
:1024A000B5FBF4F54ED8109BB3FBF4F001380CF0FB
:1024B000AFFF109B861CA3EB8606B6FBF4F63046F6
:1024C0000CF0A6FF109BA3EB800006FB14031093F7
:1024D000B54239D94FF0040A4FF001090DF1140843
:1024E00001E0B54230D995FAA5FCAC1BB4FA84F4EE
:1024F000BCFA8CFCC4F11F04644528BF64464FEA53
:10250000840C042239465846CDE9018A059BCDF852
:1025100000C0FFF791FA09FA04F42D1B0028E0D05F
:1025200007B0BDE8F08F109B9C4203D80025BAE7A6
:102530004FF0FF32002011990A60129A136007B021
:10254000BDE8F08F0026C3E7109B059AF2E700BFB5
:102550002DE9F04F8BB0D1F834900692CA6A9145BC
:1025600080F0C980A2EB09029A4228BF1A4616469B
:1025700072B30C4682464E4615460992236B5903A8
:102580002AD5DAF86820E16BD2F81C80414523D0C7
:10259000A8EB0107AF4228BF2F46DB0200F1A6805F
:1025A0000698A36B4246CDE900100297504604F10D
:1025B0004001FFF741FA60B9E36B666B3B44E363AC
:1025C000069B3E443B44ED1B66630693D6D1099EB1
:1025D00030460BB0BDE8F08FDA0266D5DAF8682035
:1025E00043F48023D2F81C806FF00102A8EB0607A9
:1025F000AF4228BF2F46A263E663236304F10802BB
:10260000B4F80490F31905923D4A434542EA8929FA
:1026100073D8002F6CD0069BCDE90773236CE16C57
:10262000023306D1D4E911321A44964201D29E42B5
:1026300025D26FF00103DAF8682023645369D2F8D9
:1026400028B003F1FF3CC444B444BCFBF3FC03FBDF
:102650000CFCB6FBF3FEDC4528BFDC4603FB0EF3A7
:1026600000914A46C4E9113C50460599CDF804C092
:10267000FFF7A0FB0028D1DA0BB0BDE8F08FA2EB8A
:10268000060B079AF31A934528BF934619445A46F6
:1026900008980CF081FE079AB2EB0B0307938BD0DE
:1026A000089B5E445B440893B8E704F13C0204F1E4
:1026B0003803CDE901325046D4E90A2304F1400140
:1026C0000096FFF7D5FE002883D1DAF86820E16B89
:1026D000D2F81C80236BA8EB010743F48023AF42A0
:1026E00028BF2F462363DB027FF55AAF0E4685E7EE
:1026F000E663666B42E700206BE76FF0530068E724
:10270000000010202DE9F0410B6A4E6BD1F82880B3
:102710000D4604468166C366002E54D03746C66017
:10272000AB6B002B5DD0E3614FF0FF364246FF21DB
:1027300038460CF049FEA36EFF219A6AE0692660D4
:102740000CF042FEA56E2661EB6B002B58D0636641
:102750002B6C40F2FE32002B08BFFF2323676B6C0B
:10276000002B08BF6FF000436367AB6C002B08BF02
:102770001346A3672A6D511CE2671FD092B1002354
:102780004FF0FF351846C4E90855C4E90F33C4E9D2
:102790000C33C4E91233A362E3626364A363236569
:1027A000BDE8F081E96CAA6A59B1934228BF13468B
:1027B000C9088B4228BF0B46E367E0E70023E367C5
:1027C000DDE7E969F1E7404606F0FAF80746E06020
:1027D0000028A5D1E06806F005F9A36E9A6B62B9EE
:1027E00007E0404606F0ECF8E06100289CD1002E9E
:1027F000F0D0E06906F0F6F8A36EDB6B83B90CE06D
:10280000E86A06F0DDF860660028A1D16B6B002B4A
:10281000E0D0A36E9B6B002BEBD0606E06F0E2F86D
:102820006FF00B00BCE700BF2DE9F04F89B0139F9C
:102830001E463D68836E129C05F1010ADD69013C6C
:10284000083DAC4232D38046B4FBF5F001389146E6
:102850008B460CF0DDFD0230A4EB8003B3FBF5F2F8
:102860009D42C7F800A0059222D80DF1180A08E091
:102870003B680DBB02333B60059B079E023B059303
:1028800016D00024059B4A4603F00105C5F102035A
:102890009B0059464046CDE902A3CDE90064FEF70E
:1028A0006BFF0028E4D009B0BDE8F08FC7F800A0A6
:1028B000002009B0BDE8F08F01333B60DDE905364B
:1028C000013B0593DDD1F3E72DE9F04F40F2FF34F2
:1028D00089B0A242049300F0B98093020593036F7C
:1028E0000C69013343EA822BC36B06464FEA135847
:1028F00018F4E0688946CD68069440F08880DFF8D7
:1029000084A104E0624012EA0A0F45D01C4644F359
:102910000907B7F1FF3F14BF2346631CC3F3090344
:1029200003F108012A1F8D42A2EB0305C0F0898044
:10293000042206A9D9F800303046CDE900510292B0
:102940003146FFF779F8210DABEB080200283CD1A6
:10295000069B01F4E0601BBA634023F00043B0F52E
:10296000806F0693CED1DFF820C1C4F3892002EA3C
:102970000C0CC2F3892E4CF0804C704549B24CF4DB
:10298000801CBFD8A44508EB81285AD0ABEB0802C5
:10299000624012EA0A0FB9D1013752D00435CBF3A5
:1029A000090B0095C4F309055D4528BF5D46049BEE
:1029B000314603F108070197D9F8003030462A461E
:1029C0000295FFF739F8002847D000281CDB0824BF
:1029D000049B000D1870059B494643F00052304699
:1029E00006AB42F008020094FFF788FA00280BDBE0
:1029F00040F20223B3EB105F4FEA10523BD040F29B
:102A000001239A4232D0002009B0BDE8F08F026C59
:102A100009688A420BD0476CD9F80400874206D077
:102A2000824204D0B94202D04FF0000867E7C3F3F6
:102A30008923CBF38922934203D0F5D2DFF84C806F
:102A40005DE76FF0010009B0BDE8F08F1946022381
:102A50000B4A0B7012880A81D5E70146ABEB0502E1
:102A600078190CF0B1FC04EB0800AEE7049BC0F34E
:102A700009005860C7E7079B049A5360C3E700BF8B
:102A80005CFA001000FC0F7800FC0F0000FCFFFF58
:102A900003468068C1F3090188422DE9F04FD2E96D
:102AA000009A064628BF0E461F68D3F804B089B0C6
:102AB0003EB30024CDE904130DF1180808E02A46BE
:102AC00040460CF06DFC00282C4425D1A64215D9B7
:102AD000321B082A154628BF08250AEB040C394684
:102AE0004B463846CDE900C80295FEF7A5FF0BEB33
:102AF00004010028E3D009B0BDE8F08FDDE904133C
:102B00009868814204D008D9012009B0BDE8F08F4F
:102B1000002009B0BDE8F08FF6DB022009B0BDE867
:102B2000F08F00BF2DE9F04F1446C26E9BB00793A3
:102B300082462368059132B19A4240F2DA81616897
:102B40008A4240F2D6810025042212A90191504602
:102B5000514600950292CDE91255FEF76DFF84466D
:102B600018B110F1540F40F0F7800426002513AB84
:102B70000193636851465046324602960095FEF72F
:102B80005BFF8446002840F0EB80DDE91232D21A68
:102B9000AA42D4BF0022012282F001059300AE00B8
:102BA00004EB8202126805996B449B6C0A60A2597F
:102BB0008B600023CB6002234FF0FF3C0C9301F1AC
:102BC00008034A600B930D95CDF820C0AE4B04224C
:102BD00093E8030014AB83E803004FF0FF300B9938
:102BE00004F060FB089A00230A92059A4FF0FF3424
:102BF000D2F800904FF004084D4610900E9318AF95
:102C00000F93099344F30902B2F1FF3F14BF264624
:102C1000661C0421DAF86820C6F30906D269464426
:102C2000029111A901912B46514650460096FEF79C
:102C300003FF8146002840F0EC810422109811A97E
:102C400004F030FB119B10901BBA6340002B0693DD
:102C50001193C0F2F3811A46114643F30903B3F10D
:102C6000FF3F08BF0131DAF8683006F10408D3F8F5
:102C70001CC0C1F3090B0BEB0803634532D8120DDE
:102C8000059902F4F064B4F5A06F10460D6800F0E9
:102C90008280BBF1000F00F0C3814C46E14609E0A1
:102CA00032463946109804F0FDFA3444A34510909A
:102CB00040F2AF80ABEB0406082E28BF082608EBD5
:102CC0000402CDE900272B4651465046A9EB0402E9
:102CD0000296FEF7B1FE0028E2D010F1540F8346B1
:102CE00040F09C810024059BD968002900F0F48005
:102CF0001A460023DDF820C093754CB1DAF868203D
:102D00009369B1FBF3F403FB1414002C00F01F8152
:102D1000DAF83C301A0D12F4E06F0ED00598DAF8AC
:102D2000402001688A4222D0DAF844404068844258
:102D30001DD082421BD0A14219D0259B43B1059BD7
:102D40009A8ACCF38923934228BF1346259A13808D
:102D5000BCF1000FC0F2ED8060461BB0BDE8F08F03
:102D600010F1540FF8D12B46224601251AE7C3F380
:102D70008923CCF38921994240F2FF304FEA9C220B
:102D800000F02681BCF1FF3F00F04C81994288BFE2
:102D9000ACF5806CD1E70421029118A901912B4672
:102DA000624651465046CDF80080FEF745FE81460A
:102DB000002840F02E81189A109B9A4292D1119BC4
:102DC000069A1B0D82EAC37410A90422DAF82C00BB
:102DD00004F068FA4FF0FF32CAF82C00099B0598FE
:102DE000109283820F9B0568C375119B046143F3A6
:102DF0000901914214BF1A465A1C159BC2F30902DD
:102E0000C361149B043283610A9B32440893C260FD
:102E1000F8E61199059B080D02461D6812F4E0645E
:102E200036D1099BC1F38922934201D8531C0993DF
:102E3000249B83EA0104079B1C4023D12798269BEF
:102E400018AACDE918589847B0F10009C0F20981D5
:102E5000119B14D00A990D4A59400A406AB1B9F140
:102E6000020F0DD10A9AC3F38921C2F389228A4243
:102E700006D343F000430A9302E04FF0FF330A9376
:102E8000059B1D68069CBDE6A0FE001000FCFF7FB0
:102E9000B4F5806F33D0B4F5C06F00F0A68040F277
:102EA000FF50C2F30A028242C2D10821DAF8682038
:102EB0002B46D269029116A9019150465146CDF890
:102EC0000080FEF7B9FD54303FF40CAF01230E93A0
:102ED000059B11991D68ABE719460D9B0DEB83030C
:102EE0009B6C8B60D1E90023C1E900320C9B012B64
:102EF00067D16FF0530C60461BB0BDE8F08F099AA4
:102F000040B2024493B20993594A0A9B1A4042F0D4
:102F10009F4242F4E0028A4256D05A1C88D0C3F342
:102F20008922C1F38924A24282D303EB80230A932E
:102F30007EE7CCF38923059A928A9A4294BF4FF098
:102F4000000C6FF0010C60461BB0BDE8F08F0E9BCB
:102F5000002B3FF4DDAE059BDDF858804FF0FF36C7
:102F6000D2F81C90D3F800B0B8F1000F71D0CDF8B2
:102F700018B018AF8B46CDF81CC008E030462A4682
:102F8000394604F08FF92C44A04506465FD9A8EBDA
:102F90000405082D28BF08250BEB040300935146B8
:102FA0005046069B0197A9EB04020295FEF744FDEB
:102FB0000028E3D010F1540FDDF81CC049D084463E
:102FC000CAE601230C9301E643F000430A932FE77E
:102FD000C2F30903259A002AADD01146059A928AB8
:102FE0009A4228BF1A460A80A5E7082100F001028C
:102FF0000F92DAF8682014A8D2692B46CDE9008038
:10300000029150465146FEF717FD814600283FF4D5
:103010005FAF19F1540FCB463FF464AEDC469BE63C
:103020000699FBE6259B33B11A46059B9B8A834292
:1030300028BF0346138040F2FF337CE7240D04F4DD
:10304000F064A4F5A064B4FA84F464094BE6DDF8F6
:103050001CC0179B059A9B1BB3FA83F35B099375FE
:1030600056E619F1540FCB463FF43DAEDC4673E60D
:1030700000FC0F002DE9F04F01254FF0000C2B460E
:103080008DB08146C2E906C5884665469B46254FF8
:10309000254E144618324FEA4B0BCDE9063B4FF054
:1030A000010AA3464C46E146059209ABCDE90273FD
:1030B000CDE90065D8F8043059460B93D8F80030B4
:1030C00020460A93059A194B0994FFF72BFD08B186
:1030D000831C15D1DBF81800411C0FD0DBF81C3025
:1030E0005A1C0BD04845069A0DD090420DD19945F7
:1030F0000BD16FF053000DB0BDE8F08F6FF0010001
:103100000DB0BDE8F08F9A42F3D0079A524502D035
:103110000AF1010AC9E7A14684465C46059ADDF832
:103120001CB0B8E7F119001008000020FF03F07F81
:103130002DE9F04F4FF0010C4FF0000E4FF0FF382B
:10314000144606460D4667467346C246E14685B0BC
:10315000C2E906EC02F1180BE269511C22D053457A
:1031600029D0434534D04F452CD009F101092968B5
:103170008B421CD06868904219D0834217D091428C
:1031800015D000234FF0FF3CCDE90233CDE900C359
:103190005A46214630466346FFF7C4FC20B9A3696E
:1031A000581CD9D16FF0010005B0BDE8F08F0020A8
:1031B00005B0BDE8F08F9045D5D16FF0530005B054
:1031C000BDE8F08F90469A464FF001097F00CEE7A8
:1031D0005245C8D1F1E700BF2DE9F04F91B0D2F8C8
:1031E000008096460A93D0E90823C1E9062398F89F
:1031F0000030002B00F0B180DFF878B102238A465E
:103200005A46814601F118050693CDF824E0C3F330
:103210000A03022B079306D14046544905920AF04F
:1032200081FB059A80444046504905920AF0ACFB68
:1032300001280446059A75D0022804D198F8003078
:103240002E2B00F0858008EB04031E4601279346D1
:103250000B93CDF81480089403E0022812D00137B4
:103260002618424930460AF05DFB341880463F4933
:1032700020460AF089FB98B10128EED123782E2B45
:10328000EDD1EDE716F808302E2BE8D163782E2B20
:10329000E5D1013FE4D15A46069B04F10208B6E7A6
:1032A000DDF814805A4698F80030089C002B57D05F
:1032B000099BC3F80080079B022B53D140F2FF33D8
:1032C000CBF389229A420CD00823009303F10053D8
:1032D00043EA822251462B464846FEF70FFE021E65
:1032E0003EDBC3464F46A846DDF828900DAE03E00E
:1032F00020D19AF817302BB31D4D4FF0F0434246C2
:1033000051463846CDE9019503960094CDE90D7BF1
:103310000F94FFF707FC0028EADA8346584611B0FD
:10332000BDE8F08F98F800302E2B8CD1069B08F169
:1033300001086CE7030D45460246B946DDF82C80CE
:10334000069364E76FF0010B584611B0BDE8F08FAB
:1033500098F801302E2B7FF476AF6FF0150BDDE778
:103360009346DBE76FF0130BD8E700BF5CFA001061
:10337000912A001000FC2F002DE9F04F00230122BC
:103380000E4640F20229B346944611469846064638
:1033900093B0CDE90B33CDE90D33CDE90F33554F64
:1033A0000A93119201229A46490004920791CDF89E
:1033B00014C04FF0FF33CDE90288CDF80480DBF86C
:1033C000002030460232CBF800200AA910AA009350
:1033D000FFF7A8FB0246002840F08680BDF83C308D
:1033E000D3B1CDF818A0154608249246304608AB54
:1033F00000940AA947EA8522FEF780FD00281FDB1A
:10340000B9EB105F23D0BDF83C200135ABB29A4236
:10341000ECD85246DDF818A0109C611C25D01198FC
:10342000431C22D05445059B59D09C4201D1824572
:1034300057D0049B079A934258D001330493B8E7BE
:10344000831CE0D08346584613B0BDE8F08F099B3B
:10345000002BD8D0CDE9003B324600213046089BF6
:10346000FFF7E2F90028CED0ECE73546AC6A5E46BD
:10347000934644B9E7E703F49013B3F5003F1FD038
:103480002468002CDFD0A379012BF9D1236B03F43E
:103490008812B2F5803FEED1E76A04F14001002FB7
:1034A000E9D0A36A2A462846CDE90076FFF7BCF9A1
:1034B0000028C7D1236B03F49013B3F5003FDFD18D
:1034C000676B04F14001002FDAD0A36B2A4628462F
:1034D000CDE90076FFF7A8F90028D1D0B2E79842ED
:1034E000A7D16FF0530BAEE78346ACE78446234683
:1034F000079957E7080000202DE9F04FD1E9005661
:10350000894617469B4687B0002B39D004469A4619
:103510004FF00008806E23690392049209E08269EB
:103520002561B6FBF2F302FB03F363612B46C4F89B
:1035300018809D42F3D163699E42F0D3826A1A4497
:103540009642ECD2921B524528BF52461746E0697C
:10355000F31A039918443E4405920BF01DFFD4E979
:103560000521B31A8B4238BF0B46A06EAAEB070A9F
:10357000816AA3618B4215D0BAF1000F2FD1049F4D
:103580005A463946D9F80C0003F08CFE024600205A
:10359000D9F80430C9F80C205B44C9F8043007B0EE
:1035A000BDE8F08F2169CF1CE6D8D0F818E00EF105
:1035B000FF3C6344B3FBFEF30EFB03F3009383680D
:1035C0001F46E369B8470028E9D1A36EFF219A6A34
:1035D000E0690BF0F9FE4FF0FF332361CCE7039B6A
:1035E000059AA06E134403932369A2E72DE9F04FD7
:1035F0000E46D0E916134FF000088346374699B0BF
:103600000DF1380A4FF0000908F1010588F00108B2
:10361000CDE9055807978B4280F09681DBF864402E
:1036200007E0DBF860200133013A8B42CBE9173227
:1036300062D0DA08A25C03F00700C240D707F0D4DA
:10364000DBF85420DBF86C101344B3FBF1F2DDE936
:10365000055801FB1233079F47F82830DBE9172094
:10366000DBF85810531C02EB000C04E0A25DC240D2
:10367000D6070CD57346ACEB03029942CBE917325F
:103680004FEAD30603F0070003F1010EEED8022D36
:103690004FF00108B6D13C460025042254F8083BFF
:1036A000594601945846BD6000950292FEF7C4F950
:1036B0003E46034610B110F1540F19D1DBF86830C3
:1036C0005A6A002A0ADDB368013242F00102013B66
:1036D0001344B3FBF2F302FB03F3B36000214FF09A
:1036E000FF3204200B46C6E905123261F060F26138
:1036F000184619B0BDE8F08F1046002800F07F8210
:10370000DBF8543001270B44DBE91A21B3FBF1F459
:1037100001FB1433D26ACBF85430D30083424FF00C
:10372000000528BF0346B8463C462946CBE9163576
:10373000DBF864000BF048FECDE91155CDE91355D7
:10374000CDE91555109517973B4664000121274692
:103750002A461C460491DBF86C00DBE91561A0EBFE
:10376000060C6244B2FBF0FC00FB1C228A420ED223
:10377000DBF86400D10802F00703425C08FA03F3A7
:1037800013434354179BDBF86C00DBE915610344DA
:103790009B1BB3FBF0F200FB12338B4257D34FF06D
:1037A000FF3300265846CDE90036CDE9026616AA59
:1037B00010A9FFF7B7F9034600283DD1BDF8542002
:1037C0000AB31E46CDE908740823C64A009358463A
:1037D0000CAB10A942EA8622FEF790FB031E29DB00
:1037E00040F20221B1EB135F4FEA13523AD0B2F527
:1037F000007F00F0AD80BDF854200136B3B29A428C
:10380000E2D8DDE90874169A501C00F0DA80179BA4
:10381000591C00F0D680AA4200F0EB81A24202D1EE
:10382000AB4200F0E98104998F4200F0EB81013155
:10383000049190E79C1CDED0DBF86C200021184638
:10384000CBE91611CBF8602019B0BDE8F08FDBF89A
:103850006410DA08885C03F0070308FA03F30343F3
:103860008B549CE70D9C002CC5D0DBF86830013CE4
:10387000DF69083FBC42C0F0A280B4FBF7F001381A
:103880000BF0C6FD831CA4EB8304B4FBF7F4DBE967
:103890001501DDF830C0CDE90A656546DBF86C201E
:1038A0000EAFAB18181AB0FBF2FE02FB1E0204F0BA
:1038B0000106C6F102038A424FEA83030BD2DBF80A
:1038C0006400D10810F801E002F0070208FA02F2E1
:1038D00042EA0E024254002C6ED05A46CDE90273E1
:1038E00000215846CDE90059FDF746FFDBF86C2072
:1038F00003460028A2D1DBE91501EEB90E9B134463
:103900001B1AB3FBF2FC02FB1C3303F0070C8B42C7
:103910004FEAD30E08FA0CFC14D2DBF8643013F82B
:103920000E204CEA020C03F80EC00123DBF8540011
:10393000DBF86C20DBF858100DEB8303023C9D6B29
:103940003444AEE70123F7E71946DBF86000D4E61C
:10395000DBF86C200C9BDBF8540013441B1AB3FB00
:10396000F2F102FB1133DBF8581099420ED9012213
:10397000DBF86400D90803F0070302FA03F3425CA2
:1039800013434354DBF86C20DBE915010D9B134412
:103990001B1AB3FBF2F002FB10338B42BFF42BAFC8
:1039A0000120DBF86410DA0803F0070300FA03F3E0
:1039B000885C03438B541EE7DDE90A651BE700249E
:1039C00065E7DBF82850002D00F00C81012609E0A6
:1039D00003F49013B3F5003F00F086802D68002DAE
:1039E00000F00081AB79012BF8D12B6B03F4881226
:1039F000B2F5803FECD1EC6A002CE9D0DBF86830FE
:103A0000013CDF69083FBC42C0F0F180B4FBF7F035
:103A100001380BF0FDFC831CA4EB8304B4FBF7F42A
:103A2000DBE91502D5F828C005F140080495654684
:103A3000DBF86C106B18181AB0FBF1FE01FB1E01CD
:103A400004F00107C7F1020391424FEA83030BD24E
:103A5000DBF864E0C8081EF8002001F0070106FA50
:103A600001F10A430EF80020002C00F0B3805A4602
:103A700041465846CDE902A3CDE90059FDF77CFE49
:103A8000DBF86C1086460A46002840F0A180DBE98E
:103A90001502EFB90E9B0B441B1AB3FBF1FC01FBA3
:103AA0001C334FEAD30C934203F0070306FA03F3E7
:103AB00015D24FF0010EDBF8642012F80C100B4306
:103AC00002F80C30DBF85400DBF86C10DBF85820FF
:103AD0000DEB8E0E023CDEF838503C44AAE74FF066
:103AE000010EF5E7080000206C6B002C3FF476AF68
:103AF000DBF86820013CD769083FBC4275D3B4FBB2
:103B0000F7F001380BF084FC831CA4EB8304B4FBB6
:103B1000F7F4DBE91502D5F838C005F14008049543
:103B20006546DBF86C106B18181AB0FBF1FE01FB50
:103B30001E0104F00107C7F1020391424FEA83031B
:103B40000BD2DBF864E0C8081EF8002001F0070182
:103B500006FA01F10A430EF80020002C3DD05A4627
:103B600041465846CDE902A3CDE90059FDF704FED0
:103B7000DBF86C1086460A4650BBDBE91502EFB94C
:103B80000E9B0B441B1AB3FBF1FC01FB1C334FEAE9
:103B9000D30C934203F0070306FA03F315D24FF058
:103BA000010EDBF8642012F80C100B4302F80C3005
:103BB000DBF85400DBF86C10DBF858200DEB8E0EB0
:103BC000023CDEF838503C44ADE74FF0010EF5E71B
:103BD000734633E6049D2B6BFAE6049D2D68002D99
:103BE0007FF400AFDBE9161315E5002491E700240C
:103BF00016E7A3427FF417AE6FF053031CE66FF095
:103C00001B0375E53C4615461F469DE52DE9F04F23
:103C10004FF0000B04460E4697B00DF1300AD4E980
:103C20001603984240F25881656E06E0226E013319
:103C3000013A8342C4E9173228D0DA08AA5C03F0BB
:103C40000701CA40D707F1D4626D1344E26EB3FB9B
:103C5000F2F102FB11333360D4E91726A76D164445
:103C6000013204E02B5CCB4013F001030AD0B31AFD
:103C70009742C4E917234FEAD20002F0070102F18C
:103C80000102EFD8002017B0BDE8F08F11460029DF
:103C900000F07782636DA0461844D4E91A23B0FB84
:103CA000F3F5D26A03FB1500D3008B424FF00005F9
:103CB00028BF0B466065A365E5652946606E0BF07D
:103CC00083FB01232F46CDE90F55CDE91155CDE9F1
:103CD00013550E9599461D461C4615933A466400A9
:103CE000012127462B46144604910596D8F86C000E
:103CF000D8E91561A0EB060C6244B2FBF0FC00FBB6
:103D00001C228A420ED2D8F86400D10802F00703C0
:103D1000425C09FA03F313434354159BD8F86C0033
:103D2000D8E9156103449B1BB3FBF0F200FB12338F
:103D30008B4209D2D8F86410DA08885C03F00703D4
:103D400009FA03F303438B544FF0FF330026404638
:103D5000CDE90036CDE9026614AA0EA9FEF7E2FE0F
:103D6000034600283DD1BDF84C200AB31E46CDE9DC
:103D700006740823BE4A009340460AAB0EA942EAE5
:103D80008622FEF7BBF8031E29DB40F20221B1EBCD
:103D9000135F4FEA13522FD0B2F5007F00F0A480DA
:103DA000BDF84C200136B3B29A42E2D8DDE9067480
:103DB000149A501C00F0CE80159B591C00F0CA804C
:103DC000A24200F0D581AA4202D19C4200F0D381E8
:103DD00004998F4200F0D8810131049186E79C1C40
:103DE000DED018464446D8F86C200023C4E91633C8
:103DF000226617B0BDE8F08F0B9C002CD0D0D8F80D
:103E00006830013CDF69083FBC42C0F0A180B4FBD0
:103E1000F7F001380BF0FCFA831CA4EB8304B4FB2D
:103E2000F7F4D8E91510DDF828C0CDE90865654636
:103E3000D8F86C200CAFAB18591AB1FBF2FE02FB9C
:103E40001E1204F00106C6F1020382424FEA830308
:103E50000BD2D8F86400D10810F801E002F0070294
:103E600009FA02F242EA0E024254D4B34246CDE9C4
:103E7000027300214046CDE9005BFDF77DFCD8F8D8
:103E80006C20034658BBD8E91510EEB90C9B1344BF
:103E90005B1AB3FBF2FC02FB1C3303F0070C8342FA
:103EA0004FEAD30E09FA0CFC14D2D8F8643013F898
:103EB0000E204CEA020C03F80EC00123D8F854106F
:103EC000D8F86C20D8F858000DEB8303023C1D6B2A
:103ED0003444B0E70123F7E71846216ED7E644469D
:103EE00083E7DDE908655BE7D8F86C200A9BD8F822
:103EF000540013441B1AB3FBF2F102FB1133D8F840
:103F0000581099420ED90122D8F86400D90803F05C
:103F1000070302FA03F3425C13434354D8F86C20BE
:103F2000D8E915010B9B13441B1AB3FBF2F002FBFB
:103F300010338B42BFF434AF0120D8F86410DA0894
:103F400003F0070300FA03F3885C03438B5427E76D
:103F5000002466E7D8F828704446059E002F3FF4F9
:103F60005EAE0125B14609E003F49013B3F5003FBE
:103F700000F080803F68002F00F0F480BB79012BB7
:103F8000F8D13B6B03F48812B2F5803FECD1FE6AA6
:103F9000002EE9D0A36E013EDB69A3F10808464577
:103FA000C0F0E480B6FBF8F001380BF031FA831C66
:103FB000A6EB8306B6FBF8F6D4E915E27046D7F80F
:103FC00028C0E16E07F1400804970CEB0103181AB2
:103FD000B0FBF1FE01FB1E0106F00107C7F1020371
:103FE00091424FEA83030AD2606ECA0810F802E0D9
:103FF00001F0070105FA01F141EA0E018154002E9A
:1040000000F0A880224641462046CDE902A3CDE932
:1040100000CBFDF7B1FBE16E86460A46002840F072
:104020009780D4E91502CFB90C9B0B441B1AB3FB44
:10403000F1FC01FB1C334FEAD30C934203F007035E
:1040400005FA03F311D24FF0010E626E12F80C1054
:104050000B4302F80C30606DE16EA26D0DEB8E0E1D
:10406000023EDEF830C03E44AFE74FF0010EF5E708
:10407000080000207E6B002E3FF47CAFA26E013E54
:10408000D369A3F1080846456ED3B6FBF8F00138B2
:104090000BF0BEF9831CA6EB8306B6FBF8F6D4E959
:1040A00015E27046D7F838C0E16E07F14008049772
:1040B0000CEB0103181AB0FBF1FE01FB1E0106F028
:1040C0000107C7F1020391424FEA83030AD2606EEF
:1040D000CA0810F802E001F0070105FA01F141EA0F
:1040E0000E018154002E38D0224641462046CDE9AB
:1040F00002A3CDE900CBFDF73FFBE16E86460A4601
:1041000030BBD4E91502CFB90C9B0B441B1AB3FB8F
:10411000F1FC01FB1C334FEAD30C934203F007037D
:1041200005FA03F311D24FF0010E626E12F80C1073
:104130000B4302F80C30606DE16EA26D0DEB8E0E3C
:10414000023EDEF830C03E44B2E74FF0010EF5E724
:1041500070464AE6049F3B6B06E7049F3F68002FCA
:104160007FF40CAF4E465AE5002698E7002623E779
:104170009D427FF42DAE44466FF05300D8F86C207A
:1041800033E66FF01B007EE53C461D461746059E54
:10419000A4E500BF2DE9F04F83468BB08A46584610
:1041A00009A9FFF733FD0646A0B9DBF868000999B5
:1041B000C3689847064690B110F1540F0AD14FF0EA
:1041C000FF335846CBF8103009A9FFF71FFD06460C
:1041D0000028EAD0344620460BB0BDE8F08FDAF86C
:1041E0003C70002F00F0BE8035460796DAF830307C
:1041F0007F1BDB0240F19B80DBF868300AF108018D
:10420000DA69BAF804806B1C04915B49934241EA75
:10421000882800F2A48001232E460DF12304069481
:104220000593DAF84030DAF84C10023306D1DAE9B7
:1042300011321A44964201D29E4228D26FF00103F5
:10424000DBF86820CAF840305369D2F828E003F15F
:10425000FF3CBC44B444BCFBF3FC03FB0CFCB6FBCE
:10426000F3F9F44528BFF44603FB09F300914246F5
:10427000CAE9113C58460499CDF804C0FDF79AFDEF
:104280000028CEDA044620460BB0BDE8F08FA2EB42
:104290000609059AF31A914528BF914619444A46E2
:1042A00006980BF079F8059AB2EB090305935DD1F6
:1042B00001265A465846CDE90054099B0BF11001DE
:1042C0000296FDF7AFFC002844D1DAF83C700135C6
:1042D000AF428BD8D146DA46079CDAF86830DAF874
:1042E0001C109A6AD9F84C000BF056F8DAE904026F
:1042F000DAF81830C9E91002C9F84830DAF868303D
:10430000FF219A6ADAF81C000BF05EF84FF0FF31DB
:104310002046D9F83030099A43F40033CAF8101017
:10432000C9F83820C9F830300BB0BDE8F08F01264D
:10433000DAF838100DF1230400913B465A465846EE
:10434000CDE901540AF140010396FDF715FA002862
:10435000AED097E710F1540F3FF431AF92E76FF012
:1043600053008FE7D1460446DA46B6E7069B4E4433
:104370004B44069355E700BF000010202DE9F04F95
:104380000D6B1C46EB02074616468B468FB00BD5CD
:10439000D1F834C0CB6A0CEB04029A4238BF1A46FB
:1043A000C36F9342C0F0E780002C00F079812A4669
:1043B000A14625460BF1400A91037BD412F48013E9
:1043C00040F0B480DBF83410002940F04181D84639
:1043D000FB6ECDE909653B66DBF83830CDF82090FF
:1043E00007934B1E0593069138460CA9FFF70EFC68
:1043F000002840F01A81B86E0C9EC3683146984779
:10440000002840F0AB80069BBD6E002B00F054816D
:10441000D5F81C90059BA9F1080B5B45C0F0A68060
:10442000B3FBFBF001380AF0F3FF059B841CA3EB00
:104430008404B4FBFBF420460AF0EAFF069BA3EBDE
:10444000800304FB1B3BD94500F0E180BBF1000F6A
:1044500000F02881CDF8108000244FF00109DDF82C
:104460001C800DAD0FE0009433463A465146384665
:10447000CDE90159FDF7D6FB0134002840F0D0808A
:104480005C4500F0D480434639463846CDE90159B1
:104490000094ABEB0402FDF7CFFA0028E3D0DDF87F
:1044A00010B0DBF8303043F40023CBF830300FB0DD
:1044B000BDE8F08FBB6EDBF83C80D869804546D004
:1044C000DBF83830A0EB080048452A4628BF4846AC
:1044D0004546044690460AE010F1540FE1D1594692
:1044E0003846FFF757FE0028DBD1DBE90E353A46A8
:1044F00051463846CDE901640095FDF793FB00284D
:10450000EAD1DBF83430B9EB04092344CBF834307A
:10451000DBF83C3045462344CBF83C30FB6E264468
:104520003B6600F0BC80DBF8302045E7BB6ED86905
:104530006FF00103DBF83480CBF83830CBF83C80E7
:10454000A0EB080042F40032CBF83020BCE7D302E5
:10455000EED4DBF834103AE7DDF82C8010F1540F7C
:1045600063D14FF0FF33C8F840303DE7069B9945D3
:1045700011D09B466EE7C36EC1F83CC00366FFF7DF
:1045800009FEDBF83050002840F0818025F48015CA
:10459000CBF8305008E70123834604930DADCDF8E6
:1045A0002C800024B0464FF004092E46079B0D9343
:1045B000A50043463A4651463846CDE90169009583
:1045C000FDF730FB0028C7D15C450AD004223946EC
:1045D0003846CDE901690D9B0095FDF72DFA0028BD
:1045E0005AD1049B01349C42E2D14346DDE909657E
:1045F000DDF82CB04FEA8408CBE90E38BA6EDDF84E
:104600002090D069DBF83020A0EB08009AE7631C0B
:1046100093FAA3FBBBFA8BFB0BF101030493BDE7F9
:1046200010F1540FDDF810809BD0C34639E7D8460F
:10463000DDF82090DDF810B0BA6E3346DDE909658B
:10464000CBE90E38D069DBF83020A0EB080079E721
:104650000D930DAB013902930BF1380300910193D7
:104660005146DBE90A233846FDF702FF00287FF4B4
:1046700018AFBB6EFF219A6ADBF84C000AF0A4FE6B
:104680004FF0FF33DBF83410CBF840309FE645F4B1
:104690000025CBF830500AE7DDF82CB001E744469E
:1046A000204604E741462A463346DDE90965D846F7
:1046B000DDF820908B46C3E7194633462A46DDE9EC
:1046C0000965C346C8E90E31DDF82090D0698846F7
:1046D000DBF8302036E700BF2DE9F0410B6B0546D3
:1046E00058030C4698B008D5D90258BF4FF0FF3296
:1046F00023F4802358BF226423639A0303D4002049
:1047000018B0BDE8F08113F48011666BD4F82C80EA
:1047100046D1542202A80AF057FE01234FF0FF377A
:10472000CDE90D83A36A0DF1480C46450C930F9615
:1047300095E80F002F608CE80F001AD2012328465D
:104740000DF1070202A9FDF703FF0028D8DB0123C2
:10475000214628460DF10702FFF710FE0028CFDBA7
:104760002B68626B0133E36A28D09A4212972F605C
:10477000E4D304F1400708E010F1540FC0D1214602
:104780002846FFF707FD0028BAD101232A463946FB
:104790002846FDF7EBF90028EED1D4E90C3203E00E
:1047A000B045424638BF3246A16B23F4003343F490
:1047B0008033C4E90A12C4E90C36A0E79A42BDD39B
:1047C000D7E700BF41F309032DE9F04FB3F1FF3FF5
:1047D00014BF0E464E1CD0F804B01746DBF8043068
:1047E000DBF814200433C6F309063344934205680A
:1047F00089B044D8DBF8083021F0004253401BBA9E
:10480000059207930C4604235946284607AAFEF74B
:1048100073FE814600BB002C22DA4EB34C464FF0AB
:10482000010A0DF11B0809E00123424659462846BA
:10483000FEF762FE013470B9A64219D07B682946A2
:10484000E21828463B680092CDE9018A321BFDF749
:10485000F3F80028E8D08146484609B0BDE8F08F5B
:1048600033463A4628465946FEF746FE0028F2D11E
:104870004846059BCBF8083009B0BDE8F08F6FF0D3
:104880001B09E9E74B68826E2DE9F04F83468A46A3
:10489000D2E9061003F114044A1E844294BF12198F
:1048A0001218B2FBF1F201FB02F293B093420492B0
:1048B00080F0C081043A0A9200220B92089240F2E2
:1048C000FE310A9A03F10408D21A8A4294BF904436
:1048D0008844049A9045C0F00081FF238DF837305A
:1048E000DBF86830D3E906239B1A434580F0078143
:1048F000DAE901314FF0A0400DF14009A8F10402BE
:10490000D31A034343F47F2343F4406306934B409D
:104910001BBA04224946DAF80C00109302F0C2FCDC
:10492000DAE900450346DBF868000BF11002816A02
:104930000827CAF80C3011930026DBF81030CDF8A8
:104940001C9009920BE08269CBF81040B5FBF2F3A2
:1049500002FB03F3CBF814302346CBF818609C42DB
:10496000F1D1DBF81430AB4203EB0102EBD8AA42E1
:10497000E9D9521BBA4228BF3A46DBF81C00EB1AB1
:104980000799184405920AF007FDDBE905320599FD
:10499000DBF868000D44EB1A934238BF1346826A75
:1049A0007F1A9342CBF8183026D0002F40F0538165
:1049B000089B33B9DAF8043004330893DAF80C3082
:1049C0000B939DF837304FF0FF32DB43CAF80C20D1
:1049D0001B06069A03F000435340CAF80830049BB4
:1049E000CAF80480434512D9DBF81430826A1344B4
:1049F00043450CD9434662E700235A465846099975
:104A0000FDF7B4F8002863D1DBF86800CDE74FF07C
:104A1000FF34DBF81010CBF80040CB1C1DD8DBF8BE
:104A20001830826923441344B3FBF2F302FB03F30F
:104A300000938568DBF81C30DBF81420A8470028B9
:104A400046D1DBF86830FF219A6ADBF81C000AF0D7
:104A5000BBFCDBF86800CBF8104003699847B8BB93
:104A6000DAF80430049A9A423FF629AF089BCDF851
:104A70001490DAF81090DAF80010B3EB090703F19C
:104A8000040800F0D480CDF818A04FF0FF360024C1
:104A9000DDF814A0049109E030462A46514602F0A0
:104AA00001FC2C44A742064640F29B803D1B082D8A
:104AB00028BF082509EB0402CDE9002A59465846CB
:104AC000049BA8EB04020295FCF7B6FF0028E3D094
:104AD0000346184613B0BDE8F08F1146143A9045CE
:104AE00028BF9046FF2288458DF83720BFF4F8AEE6
:104AF0004FF0A040DAF808100DF14009FEE601235E
:104B000002930DF13703CDF80080019359465846C2
:104B1000DAF80030FCF790FF10B110F1540FD7D144
:104B20004FF0FF32DBF868300F929F69DAF80030FF
:104B30000E9717B30DF140094E460024994608E040
:104B40002A4631460F9802F0ADFB2C44A7420F9045
:104B500013D93A1B082A154628BF082508EB040C70
:104B60004B4659465846CDE900C60295FCF764FF0E
:104B70000028E5D010F1540FAAD1DAF80430DAF8A1
:104B800014200C3393424FD8DAF808300DF1400965
:104B900083F0BF4383F4FF0383F4F84383F00803F7
:104BA0001BBA10934A46042351465846FEF7A4FC0C
:104BB00000288DD10823514658460EAAFEF79CFCCA
:104BC000002885D19DF83700274BC043C0F3C010A3
:104BD00000F5A0601946CAF808300005DAF804307C
:104BE0008CE6DDF818A00B9FB7421AD10424089A6E
:104BF000059DDAF800305946009258462246019544
:104C00000294FCF719FF034600287FF462AF04907A
:104C100022462946384602F045FB049B00283FF413
:104C200058AF6FF0530354E76FF01B0351E74FF099
:104C3000FF36D8E7DAF81090DAF80010C9F100076B
:104C4000B9F1000FEDD0002310AA4FF0040808932B
:104C500005920B9317E7079B059A816A1344079304
:104C6000DBF810307BE600BF08FCFF5F2DE9F04F5A
:104C70000546806E97B01E46436A08928A68002BEC
:104C80000C46BDF884A0BDF888B0496802F1010265
:104C900007DD013343F00103B2FBF3F703FB1723F6
:104CA000D3B14FF00009C846A26000274FF0FF3291
:104CB000C36CCDE91222109111971497002B39D0B3
:104CC000083B1593C3689847002835D010F1540F5E
:104CD0000FD017B0BDE8F08FA2602268002A00F064
:104CE000C380012940F2CA80012A00F0C1804FF040
:104CF00001094FF0FF332B612368002B00F0BB80CC
:104D00006268012A40F2B780012B00F0B480284687
:104D1000211DFEF77BFF30B110F11C0FD9D1B9F185
:104D2000000F00F0A8804FF000094FF00108616803
:104D3000A86EBAE7C369C3E70423284610A904F1A3
:104D40000802FEF7D9FB0028C0D1089B0246009359
:104D500010AB0C93614B28460693614BCDE903AB36
:104D60000293CAF100031BB205930BAB0793209982
:104D70004FF0FF3301960B95FDF700FA0028A5D1FF
:104D8000A36901337ED0E36901337BD0E27D5549CD
:104D900002F5C062119B41EA0251159A0C3393420D
:104DA00069D8129B10A84B401BBA0DAF09910D9307
:104DB000014604233A462846FEF79EFB002885D18B
:104DC00010AA11460823284604F11802FEF794FBA6
:104DD00000287FF47BAF09991291B8F1000F78D1C8
:104DE000EA6B2B6B686B53402A6C696C5040AA6B62
:104DF0004A40A96C4B406FF309030D93EB6C2146BD
:104E000043400E932B6D284653403A460F93FCF7D0
:104E10005FFF00287FF45DAFDDE90D3213430F9A89
:104E2000134331D1284610A9FFF72CFD00287FF449
:104E30004DAFD4E90012129BC4E90021119AABEBEB
:104E40000A0AA4F814A02361E260C5E912002865EB
:104E5000B8F1000F06D105F13C03303595E80700A5
:104E600083E80700404634E790464FF001091CE70D
:104E70009146984619E76FF01B002AE798464FF0D5
:104E8000010912E70DAFA8E7119B159A1033934261
:104E9000F1D8129B284683F0FF4383F4FF0383F489
:104EA000F84383F00C031BBA0A9310A904230AAA3F
:104EB000FEF722FB00287FF409AF3A460C23284670
:104EC00010A9FEF719FB00287FF400AF064B1293E0
:104ED000A8E70022104613468BE700BFC547001025
:104EE00000FC0F4008FC0F000CFCFF7F2DE9F04F89
:104EF0008346A7B0CDE90923BDF8C470DFF834A517
:104F0000DFF834951EAE0B91012F4AD900243D469F
:104F1000A0461FE0DBF86820D2F84CC0BCF1000FBF
:104F200001D1D2F81CC0FE2D0FD89069ACF1280138
:104F3000431E03EB5C03B3FBF0F300FB03F38B4274
:104F400028BF0B461E998B4220D204EB55043D1B13
:104F5000012D1CD90A98A1B24A420190099812B2B7
:104F6000CDE90472039100904FF0FF3300225846C0
:104F7000CDE906A63099CDF80890CDF87880FDF7F8
:104F8000FDF80028C6D027B0BDE8F08F5CB13146EF
:104F90005846FEF72BFB002800F09E8010F11C0FF6
:104FA000F1D1DBF86820536A002B40F389800B981D
:104FB0000133826843F001030132B2FBF3F103FBDA
:104FC0001122002A7CD1036823B14268012A01D949
:104FD000012B75D1002358461EA91E93FEF7CCF96C
:104FE00000B91E980028CEDBDBF86C30181AB0EB45
:104FF000D30F65D9DBE916C34FF00008BA46DBF8DA
:105000006010CDF830A04FF00009DA4608F1010732
:1050100088F001060E979C457CD9DAF8644004E0DC
:1050200001336345CAE9173175D0DA08A25C03F091
:105030000700C240D2070F4601F1FF31F0D4D3463A
:1050400026AA02EB8600DBF85420DBF86C101A4429
:10505000B2FBF1F63D4601FB16221D440E9FDDF822
:1050600030A0013340F8402C09E0DA08A25C03F0DC
:105070000700C240D60703F1010005D50346E91A2F
:105080006345CBE91731F0D3022F4FF00108B8D1B7
:105090000024042218AB019359465846169B0094ED
:1050A000029257461894FCF7C7FC002800F0EF80E6
:1050B00010F1540F00F0EB8010F11C0F7FF463AF80
:1050C0000024309B584600930B9902970194DDE928
:1050D0000923FFF7CBFD56E7A4B2CDE90147309B8A
:1050E0000B9D0093EB7D31468DF88F30EB69584670
:1050F0002593AB692493DDE90923FFF7B7FD002869
:10510000FFF64CAF0123EB751F9B2746EB611E9BFF
:10511000AB61F9E69C46002900F0A082DAE91A208A
:10512000DAF85430D26A6344B3FBF0F400FB143372
:10513000CAF85430D3008B424FF0000728BF0B460B
:10514000DAF86400CAF858303946CAF85C700AF0D8
:105150003BF9012335461C4698461E46CDE91E778D
:10516000CDE92077CDE92277CDE9247333463A465D
:105170002E464FF0000B1D466400DAF86C00DAE9A9
:1051800015C1A0EB0C0E7244B2FBF0FE00FB1E2218
:105190008A420ED2DAF86400D10802F00703425CBA
:1051A00008FA03F313434354259BDAF86C00DAE959
:1051B00015C10344A3EB0C03B3FBF0F200FB123365
:1051C0008B4209D2DAF86410DA08885C03F007032E
:1051D00008FA03F303438B5400234FF0FF3CCDE95F
:1051E0000233CDE900C324AA504663461EA9FDF749
:1051F00099FC024600283FD1BDF88C3013B30D92C4
:105200000F9408230D9C8A4A009342EA8422504658
:1052100012AB1EA9FCF772FE021E2BDB40F202212C
:10522000B1EB125F4FEA12537AD0B3F5007F00F072
:1052300018820D9BBDF88C2001330D939BB29A42CE
:10524000DFD80F9C249A501C00F0E980259B591C44
:1052500000F0E580BA4200F0F781AA4202D19F42F5
:1052600000F0F5810BF1010B5C4586D13546174600
:105270001E467BE7941CDCD01046D3460C9FDAF820
:105280006CC00023CBF860C0CBE9163314E7DBF821
:1052900068305B6A002B0ADD013343F00102189B82
:1052A000013B1344B3FBF2F302FB03F31893309B6F
:1052B0000422009300230193ADF86C308DF86E301A
:1052C0004FF0FF330B9C02971A93E37D19928DF8F0
:1052D0006F30E36958461D93A36916A91C93DDE955
:1052E0000923FFF7C3FC0028FFF6E6AE0123169A58
:1052F000E375179BA261E3612568DBF82000854216
:1053000000F0E2816168DBF82440A14200F0DC811A
:10531000A54200F0D981884200F0D6810127CFE66E
:10532000139C002C85D0DAF86830013CDB69083B1F
:105330009C4269D3B4FBF3F0013810930AF068F88B
:10534000109B821CA4EB8204B4FBF3F4DAE9151081
:1053500010965646129ADAF86C30BA462F46154621
:10536000324605EB030CACEB0101B1FBF3FC03FB94
:105370001C1383420AD2506ED90810F801C003F002
:10538000070308FA03F343EA0C034354002C41D00B
:10539000009514AB04F00105CDE90193C5F10203BA
:1053A0009B001046039300211192FCF7E5F9119A36
:1053B0008446D36E50BBD2E91510DDB9149E03EBC1
:1053C000060CACEB010CBCFBF3FE03FB1ECC8445CE
:1053D00017D2506E4FEADC010CF0070310F801C041
:1053E00008FA03F343EA0C034FF0010C4354516DE8
:1053F000D36E906D0DEB8C0C023C2C44DCF85050BD
:10540000AFE74FF0010CF5E700249FE793469C4679
:105410000C9F36E73D46109E5746924609E7DAF85C
:105420002880B8F1000F00F0068101240D9611E0EC
:10543000080000205917001000FC0F4003F49013DF
:10544000B3F5003F00F08180D8F80080B8F1000F7C
:1054500000F0F08098F80630012BF5D1D8F8303004
:1054600003F48812B2F5803FE8D1D8F82C50002D13
:10547000E4D0DAF86830013DDF69083FBD42C0F092
:10548000E180B5FBF7F0013809F0C2FF831CA5EB02
:105490008305B5FBF7F5DAE91516D8F82830DAF800
:1054A0006C2008F1400B9818411AB1FBF2F002FB96
:1054B0001011B14205F0010709D2DAF86460C8089A
:1054C00001F00702315C04FA02F20A433254002D63
:1054D00000F0AD80009314ABCDE90193C7F1020356
:1054E0009B005246039359465046FCF745F9DAF8BB
:1054F0006C201346002840F09680DAE91516E7B9CB
:10550000149B13445B1AB3FBF2F002FB10334FEA17
:10551000D30CB34203F0070304FA03F313D20120C0
:10552000DAF8642012F80C100B4302F80C30DAF8A9
:105530005410DAF86C20DAF858600DEB8000023D68
:10554000036D3D44AFE70120F7E7D8F83450002D54
:105550003FF47AAFDAF86830013DDF69083FBD42B9
:105560006ED3B5FBF7F0013809F052FF831CA5EBB1
:105570008305B5FBF7F5DAE91516D8F83830DAF80F
:105580006C2008F1400B9818411AB1FBF2F002FBB5
:105590001011B14205F0010709D2DAF86460C808B9
:1055A00001F00702315C04FA02F20A433254002D82
:1055B0003FF44AAF009314ABCDE90193C7F1020366
:1055C0009B005246039359465046FCF7D5F8DAF84B
:1055D0006C20134638BBDAE91516E7B9149B13445F
:1055E0005B1AB3FBF2F002FB10334FEAD30CB34269
:1055F00003F0070304FA03F313D20120DAF864205E
:1056000012F80C100B4302F80C30DAF85410DAF8E8
:105610006C20DAF858600DEB8000023D036D3D44CC
:10562000B1E70120F7E7D3469C460C9F29E6D8F85E
:10563000303003E70D9EDAF86010DAE916C3EAE4C9
:10564000002598E7002526E79D427FF40BAED34660
:105650006FF053000C9FDAF86CC012E6D3460C9F33
:105660002EE5DAF86C30129ADAF854001A44121A5D
:10567000B2FBF3F103FB1122DAF8581091420DD975
:105680000123DAF86400D10802F007029340425C7B
:1056900013434354DAF86C30DAE91501139A1A44CB
:1056A000121AB2FBF3F003FB102399427FF6C1AD4F
:1056B0000120DAF86410DA0803F0070300FA03F3B4
:1056C000885C03438B54B4E5CBE9082326E600BF8E
:1056D0002DE9F04F9DB0DDF898A005460E461F4617
:1056E0000A92BAF1000F00F0978040F201411B6866
:1056F000C3F30A528A424FEA135000F0F98140F294
:10570000FF418A4200F0008200F4E063B3F5C06F0D
:1057100007D17B6800F001001A68B2615B68F07520
:10572000F361BAF1010F77D0002240F20140BB686B
:10573000C3F30A5181424FEA135400F0DD8140F275
:10574000FF40814200F03E8204F4E063B3F5C06F95
:1057500007D1FB6804F001041968B1615B68F47556
:10576000F361BAF1020F52D040F201403B69C3F33A
:105770000A5181424FEA135400F0208240F2FF4068
:10578000814200F03F8204F4E063B3F5C06F00F0A3
:10579000FC81BAF1030F3AD040F20140BB69C3F378
:1057A0000A5181424FEA135400F0168240F2FF4042
:1057B000814200F0C08104F4E063B3F5C06F07D10B
:1057C000FB6904F001041968B1615B68F475F36169
:1057D000BAF1050F1BD140F201403B6AC3F30A51F5
:1057E00081424FEA135400F0178240F2FF40814299
:1057F00000F02F8204F4E063B3F5C06F07D17B6A39
:1058000004F001041968B1615B68F475F3611AB1C1
:10581000B38A002B00F08281B37D002B31D04FF092
:10582000FF33A86E19933368F2681693C16C33691D
:1058300017921A921893002900F0AD8000240839BD
:105840001B91AF492846069111A90791CDE9007A2D
:105850003146CDE90444CDE902440DF158081195D3
:10586000CDF84880FCF78AFC0346002839D013F1B4
:105870001C0F06D013F1540F03D018461DB0BDE81D
:10588000F08F4FF0FF3300962B61B38A3A460193B5
:10589000314653462846FFF729FBB0F100081BDBD1
:1058A0000A9BAC6AD3E900230E93ACB14FF0000918
:1058B0009346CDF83C800D96A3689B456DD0E26879
:1058C0000E99914269D0994267D0934565D024687A
:1058D000002CF1D1DDF83C80434618461DB0BDE8F0
:1058E000F08F2A6BEB6B696B53402A6CA86B4A40B4
:1058F000696C4140A86C4340D5E9130480EA020C6E
:105900006FF30903CDF850C084EA010C1393CDF86E
:1059100054C01BB9904201D18C4224D03146284654
:1059200013AAFCF7D5F903460028A6D1179B1B9AAA
:1059300010339342A5D8189B724C414663401BBA62
:1059400010932846042310AAFDF7D6FD034600282D
:105950008DD10C234146284613AAFDF7CDFD034601
:10596000002884D1189441462846FEF78BFF034651
:1059700000287FF47CAF189A05F13C043261179A35
:105980008046F26005F1300207CA84E80700C5E9E5
:1059900012332B6584E7C16950E704F1080CE04637
:1059A000DDF834E0A688BEE80F00ACE80F009EE802
:1059B0000F008CE80F000A9B984535D104F12003B5
:1059C000CDE90BB70993CDF898A024E0E37F33B37A
:1059D000276AD5F820E04FF0FF3377454146284647
:1059E000099A0CD0D4F824B0D5F824A0D34506D019
:1059F000574504D0DE451CBFA6EB0C06A6804FF031
:105A0000FF36CDE90299CDF804900096FDF78AF8AB
:105A1000002868D1A688B4F81CC0B445D6D9DDF8F2
:105A200098A0DDE90BB752E7BAF1000FC6D040F2FB
:105A3000FF413B68C3F30A528A4200F0D18040F232
:105A400001418A4200F08180BAF1010FB6D040F2E4
:105A5000FF41BB68C3F30A528A4200F0E18040F282
:105A600001418A4200F09A80BAF1020FA6D040F2BA
:105A7000FF413B69C3F30A528A4276D040F20141AA
:105A80008A4200F0FB80BAF1030F97D040F2FF4149
:105A9000BB69C3F30A528A4200F0DF8040F2014141
:105AA0008A4200F00C81BAF1050F87D140F2FF4124
:105AB0003B6AC3F30A528A4200F0F08040F201418F
:105AC0008A427FF47BAFC3F38923B3423FF676AFBC
:105AD000A3790136B6B2022BA6807FF46FAFA36A1A
:105AE0000133A3626AE7034618461DB0BDE8F08F94
:105AF000B38A0133B38214E6B38A0133B38230E64A
:105B0000C54700100CFCFF7FB38ABAF1010F03F107
:105B1000FF33B3823FF47CAE012206E631462846CD
:105B2000279AFDF705FB0346002800F08A80821CB7
:105B30007FF4A3AE70E6B38ABAF1050F03F1FF3329
:105B4000B3827FF465AE012245E6C3F38923B342F5
:105B50003FF67AAFA3790136B6B2022BA6807FF466
:105B600073AFA36A0133A3626EE7C3F389239E4236
:105B700000F0D68087D9A379013EB6B2022BA68069
:105B800081D1A36A013BA3627DE77B6904F0010434
:105B90001968B1615B68F475F361FAE5C3F38923B1
:105BA0009E42FFF461AFA3790136B6B2022BA68004
:105BB0007FF45AAFA36A0133A36255E7B38A013376
:105BC000B382E6E5B38ABAF1020F03F1FF33B38281
:105BD0003FF41EAE0122C7E5B38A0133B382F7E575
:105BE000C3F38923B34200F08B80BFF42DAFA379B8
:105BF000013EB6B2022BA6807FF426AFA36A013B1A
:105C0000A36221E7B38ABAF1030F03F1FF33B38232
:105C10003FF4FEAD0122BFE5B38A0133B382F6E55E
:105C2000C3F389239E4273D07FF61EAFA379013E52
:105C3000B6B2022BA6807FF417AFA36A013BA36222
:105C400012E7279BDB7D002B3FF4E6AD4FF0020807
:105C500026E6B38A013BB382DAE5C3F389239E4289
:105C60003DD07FF620AFA379013EB6B2022BA680CD
:105C70007FF419AFA36A013BA36214E7C3F389233E
:105C80009E42FFF400AFA3790136B6B2022BA68084
:105C90007FF4F9AEA36A0133A362F4E6C3F3892368
:105CA000B34224D0BFF48AAEA379013EB6B2022B30
:105CB000A6807FF483AEA36A013BA3627EE6C3F3B2
:105CC00089239E42FFF4EFAEA3790136B6B2022BD0
:105CD000A6807FF4E8AEA36A0133A362E3E6A3796A
:105CE000022B1CBF4FF0FF33C4E90233DBE6A3797C
:105CF000022B3FF463AE4FF0FF33C4E902335DE69D
:105D0000A379022B1CBF4FF0FF33C4E902339BE69B
:105D1000A379022B1CBF4FF0FF33C4E90233A3E683
:105D2000A379022B1CBF4FF0FF33C4E90233AAE66C
:105D30002DE9F04F40F201449A461B6899B0089251
:105D4000C3F30A52A24205460F4600F0508140F2CA
:105D5000FF4082420FD0190D01F4E063B3F5C06F2C
:105D600007D100231A6801F00101BA615B68F97577
:105D7000FB61002003E001208B8A013B8B8240F213
:105D80000141DAF80830C3F30A528A424FEA135449
:105D900000F0328140F2FF418A4200F0F08004F4CA
:105DA000E063B3F5C06F00F03081002840F0EA8076
:105DB000BB7D002B77D03B68A86E12934FF0FF336A
:105DC000FA681593C16C3B6913921692149301B94A
:105DD000C1690839179100210220CDE90411CDE9EC
:105DE00002119E49019006910DA907912846394656
:105DF000CDF800A012AE0D950E96FCF7BFF9034644
:105E000000284AD1EA6B2B6B296C53406A6B686C93
:105E10004A40A96B4140A86C4340D5E9130482EA8B
:105E2000000C6FF30903CDF840C081EA040C0F9316
:105E3000CDF844C01BB9824201D1A14225D03946D8
:105E400028460FAAFBF744FF034618B1184619B0BD
:105E5000BDE8F08F139B179A1033934223D8149BFD
:105E60007F4C314663401BBA0C93284604230CAA8E
:105E7000FDF742FB034680B90C23314628460FAAA2
:105E8000FDF73AFB034640B9149431462846FEF725
:105E9000F9FC0346002800F0078113F11C0F02D023
:105EA00013F1540FD2D14FF0FF340097BB8A524602
:105EB00001933946022328462C61FFF717F8B0F109
:105EC000000B1CDB089BAC6AD3E90021BCB1CDF808
:105ED0002CB04FF0FF39002693468C46CDE9097A65
:105EE000A3689B4510D0E26894450DD09C450BD02B
:105EF000934509D02468002CF2D1DDF82CB05B4624
:105F0000184619B0BDE8F08F04F1080EF046DDF830
:105F100024A0A788BAE80F00AEE80F009AE80F00A7
:105F20008EE80F00089B43453BD13B4604F1200A15
:105F300067461FE0E27F02B3226A286A82420BD0E2
:105F4000D4F824E0D5F824C0E64505D0624503D056
:105F500070451CBF5B1AA3804FF0FF335246414689
:105F60002846CDE90266CDE90096FCF7DBFD002866
:105F700046D1A388A18B9942DCD9BC46BAE7BB8A3B
:105F8000013BBB82BA8A002A7FF412AF3946284609
:105F9000FDF7CEF80346002873D0821C7FF456AF7D
:105FA00006E740F2FF410A9B1B68C3F30A528A428C
:105FB00058D040F201418A4231D040F2FF410A9B61
:105FC0009B68C3F30A528A4237D040F201418A42A9
:105FD000ABD1C3F38923BB42A7D8A3790137BFB2A2
:105FE000022BA780A1D1A36A0133A3629DE78B8A0C
:105FF000002001338B82C2E6BB8A0133BB82D4E628
:106000000346184619B0BDE8F08FDAF80C3004F0FA
:1060100001041A68BA615B68FC75FB61C5E6C3F3ED
:106020008923BB42C9D8A3790137BFB2022BA7800D
:10603000C3D1A36A0133A362BFE7C3F38923BB4281
:1060400021D0BFF472AFA379013FBFB2022BA7806A
:106050007FF46BAFA36A013BA36266E7C5470010FC
:106060000CFCFF7FC3F38923BB4215D0A5D2A379D3
:10607000013FBFB2022BA7809FD1A36A013BA3625D
:106080009BE7DB7DFFDEA379022B3FF44EAF4FF0A1
:10609000FF33C4E9023348E7A379022B1CBF4FF05A
:1060A000FF33C4E9023388E7149A05F148063A61E0
:1060B000139A05F13C04FA6005F13002834607CAE1
:1060C00084E80700AB64C6E90133FBE62DE9F04F35
:1060D000866A07468A46934698460C689DB05EB924
:1060E00037E0F168DAF804208A420CD09A420AD0EC
:1060F000A14208D0366866B306F108039A45F9D084
:10610000B368A342EDD1B379012BF3D1336BD9023C
:10611000F0D5BB6EF26A9B6A9A42EBD9736B31463B
:10612000F363FB6E38463B66FEF734F8002840F018
:10613000C180336B314623F4801338463363FEF756
:10614000CBFA002840F0B6803668DAF80040002E1E
:10615000D2D1D4460CADA946CDF800800DF150083F
:10616000CDF80480BCE80F000FC59CE80F0085E85F
:106170000F005B46524649463846DAF80460FFF79E
:10618000A7FA051EC0F29280DAF800309C4207D0D0
:10619000DAF80420964203D09E4201D0A24209D1EF
:1061A000D446CE46BEE80F00ACE80F009EE80F00D4
:1061B0008CE80F00022D00F01781012D75D100230E
:1061C000DFF88CB2DFF88CA203933B6A9C4276D056
:1061D0007A6A964273D0944271D09E426FD0BB6A65
:1061E0002BB3DDE90C500BE0D9688E420BD08C420A
:1061F00009D0964207D09A79022A09D01B68B3B118
:106200009A689442F0D19A79C3E90250022AF5D1F2
:10621000DA6A944206D0196B8E4203D08C4201D0C8
:106220009642EBD1C3E90B501B68002BE8D14246E4
:10623000384604A9CDE90446FCF71CFF051E7CDBAB
:106240003B6B29460133C3F30902003A18BF012210
:1062500023F0004343EAC2731A0D12F4E062159E64
:106260003B636ED1149C07960694002508920A9110
:106270003846414608AB06AA0995CDF82C90FFF7A1
:1062800057FD051E12DB012D00F0A1804FF0FF34F9
:106290004246384604A9FCF74BFF0546A0B1831CD3
:1062A00004D1039B002B40F09D80002528461DB0A3
:1062B000BDE8F08F054628461DB0BDE8F08FDDE94A
:1062C0000C32C7E908328AE73A6BC2F3090353B1CB
:1062D0001444C4F30902003A18BF012224F0004418
:1062E00044EAC2723A63130D13F4E063159E4CD175
:1062F000149C002508939DF86730414603F5C06360
:106300004BEA03530A93384604AA08AB0995CDE932
:106310000446CDF82C90FFF70BFD051EC6DBCC46DE
:10632000C646BEE80F00ACE80F009EE80F00012D46
:106330008CE80F003FF449AFB3E7AA1CB6D10024A4
:10634000A6E77A6B149CA2420AD0B86BB04207D081
:10635000B24205D0844203D00022CDE9064684E74C
:1063600000203A4A40F2FF3C1A403A63C3F38922C4
:10637000C5F389239342C7E90D0022D9CDE906462A
:10638000A5F580614AEA82226FE77B6B149CA342E9
:1063900008D0B96BB14205D0B34203D08C4201D0D2
:1063A0000023A6E740F2FF300021284BC7E90D117A
:1063B00013403B63C2F38923834245D04AEA8323D7
:1063C00097E76245CDE90646DCD102464DE7C44673
:1063D00003954D46BCE80F000FC59CE80F0085E80B
:1063E0000F00F2E6032561E75146384607F14802FF
:1063F000FBF76EFC054600287FF458AF01210190A1
:106400009AF817200AF118030993114B02F5C0629C
:1064100043EA0253149C159E089300913846414666
:1064200008AB04AA04940596FFF752F9051EFFF67F
:106430003DAFCC46C646BEE80F00ACE80F009EE874
:106440000F008CE80F00B8E60B4652E7FF03008010
:1064500008FC0F000000F04F036BC3F30903002B8F
:1064600000F039812DE9F04F824689460025012749
:106470004FF0FF3BA3B00AAC0026C4E90055C4E9C5
:10648000025565612561A5618DF83F7011974FF048
:10649000FF335046CDE90255CDE900B510AA12A947
:1064A000FCF740FB8046002858D19DF83F30002B78
:1064B0007FD0A4460DF1480EBEE80F00ACE80F00F7
:1064C0009EE80F008CE80F00109B013302D0119B57
:1064D0000133DCD1002ECFD1B8F1010F2DD0C4E9AA
:1064E0000066C4E9026666612661A6618DF83F70A8
:1064F0001197B9F1000F34D14FF0FF354FF0FF3352
:106500005046CDE90299CDE9005910AA12A9FCF72D
:1065100009FB18BB9DF83F30002B00F08C8026460D
:1065200012AF0FCF0FC697E80F0086E80F00109B41
:10653000013302D0119B0133E0D1DAF83020002082
:10654000534242FA83F3C3F30902003A18BF01220F
:1065500023F0004343EAC273CAF8303023B0BDE8E9
:10656000F08F4FF0FF335046CDE90255CDE900B52D
:1065700010AA12A9FCF7D6FA0028EFD19DF83F30F7
:10658000002B68D0A4460DF1480EBEE80F00ACE821
:106590000F009EE80F008CE80F00109B4FF00108E1
:1065A000013397D0119B0133DBD1002E7FF464AF10
:1065B00092E750461AAA10A9FCF75CFD002846DBBA
:1065C000C0F309030246009350461AA904ABFBF737
:1065D00035FD0028C2DBDDE91021049B9A427CD006
:1065E0008B4263D0DAF830301A0D12F4E06F0DD020
:1065F000DAF834200A998A425CD0DAF838C00B986D
:10660000844557D0824255D0614553D000230022A3
:10661000069304AB0993334B2146CDE9072350463B
:10662000022306AAFFF752FD002897DB032808BFC4
:1066300046F0010648E750461AAA10A9FCF71AFDD1
:106640000028BFF66CAF821C3FF469AF86E7811C5F
:106650003FF42FAF82E7504610A91AAAFCF70AFDB3
:1066600000288FDA831C7FF479AF504612A90AF113
:106670004802FBF72DFB00287FF470AF9DF85F20E8
:10668000194B02F5C06243EA0253069318AB079315
:1066900021460123504606AAFFF718FD0028FFF601
:1066A0005DAF032808BF46F0010676E7059B9A42D6
:1066B00098D1FEE640F2FF3100220C48CAE90D22D3
:1066C0001840C3F389238B42CAF830009ED0084A91
:1066D00042EA83239BE700207047059B8B4281D1D0
:1066E000E7E600BF08FC0F6008FC0F00FF03008016
:1066F0000000F04F30B5036B04469B0595B01BD4EA
:10670000E36B1B0D13F4E06F06D10121204615B099
:10671000BDE83040FFF7A0BE00254FF0FF33204614
:10672000CDE90255CDE900350CA904F14002FCF792
:10673000F9F970B315B030BD00254FF0FF33CDE946
:106740000255CDE900350CA900F12002FCF7EAF969
:106750000028EFD1A36E214ADB692046CDE906234C
:10676000D4E91B23CDE90823D4E91D23CDE90A236D
:106770001B4A06ABCDE904230CA9012304AAFFF7A9
:10678000A5FC0028D6DB22D1236B23F400732363FE
:10679000B6E7226BE36B6FF39E222263114AC3F3C9
:1067A000892C42EA8C22C4E90D000790069201234D
:1067B00020460CA906AAFFF789FC0028BADBA4D062
:1067C00029462046FFF748FE00289ED0B2E729461A
:1067D0002046FFF741FE0028D6D0ABE701000200BB
:1067E000180010200000F04F2DE9F04F8BB00392FD
:1067F0009A07994606460D4604D5FFF77BFF0746E4
:1068000000287AD10024149B05F108082B656C63DD
:10681000EC63EC6441463046C5F830902B1D03AA6A
:10682000FCF7DAFC071EB46A6BDB012319F4007F66
:106830002C60AB71B56240F0AD803F0D012F4DD1A2
:10684000AA8819F4806F4FEA822200F0F0802B6B47
:1068500042F0005743F4803347F480172B632A6DCE
:106860009368002B00F09F8000242B6B14E09907A5
:1068700004EB440004F101040AD5516801EB8001E6
:106880008868B16F884200F2E48043F480332B6360
:106890009168A14240F28780D807E8D5526804EB9E
:1068A000440112F8210002EB8103AA88D3E90131E7
:1068B00000F5407041EA8222C1F3090142EA005228
:1068C000009130464146FBF7B9FB00282B6B2A6D3F
:1068D000CDDA811CCBD00746B46A16E06FF01407FE
:1068E000296B2A6D41F4002106F128032C46296307
:1068F000216819601368002B45D038460BB0BDE8FD
:10690000F08FBB1C12D02B6B2A6D43F400232B633A
:1069100006F12803002CEDD0A542E9D023462468D7
:10692000002CF9D11368002BE7D12CE0DDF80CB076
:106930006D49584607F028F80BEB000A50466A49A3
:1069400006F0F0FF1AF80030002BDCD1012319F417
:10695000807F2C60AB71B56238D05846624907F031
:1069600013F81BF80040002C56D1336F834236D207
:106970002B6B2C4643F400232B636FF023072A6D07
:1069800006F12803C8E7E86C02F02CF838460BB093
:10699000BDE8F08F296B6FF010072A6D41F40021DC
:1069A00006F12803A2E71068B36E9A6A00287ED029
:1069B000E864FF2108F008FD40F201234FF0FF32A8
:1069C000B3EB175F2A6448D0002796E72B6B2C4661
:1069D00043F400232B632A6D06F128039CE7AA8861
:1069E000414640EA822343F4801306933F4B3046EE
:1069F00043EA822304933E4BCDF81CB043EA822342
:106A0000089304AA032305940994FFF75FFB071E6C
:106A100063DB5BD1364F22E72B6B2C4643F400231C
:106A20002B636FF013072A6D06F1280374E708241F
:106A300042F0005241463046224305F128030094BB
:106A4000FBF75CFA071EBFF60AAF2A6D2B6BB46A20
:106A50005BE76FF01B07B46A57E76FF00103002292
:106A6000AB62C5E910322B6BC7F3090743F48013FF
:106A70002B63B36EEF629B6AAB64002FA4D040F22D
:106A8000FE349C4228BF1C46AA88EB6C44EA822252
:106A9000C4F3090441463046009442F00052FBF72B
:106AA0002DFA071E90DA2B6BB46A2A6D2DE710467B
:106AB000029201F085FF029AE86400287FF479AF22
:106AC0006FF00B072B6BB46A2A6D1EE72146304628
:106AD000FFF7C2FC074600289CD017F11C0F08BF27
:106AE0006FF02307B46A0EE75CFA00100000104054
:106AF000000010200000000070B59AB00446FBF7BB
:106B000001FE6FF00B0508BBA36E06460146DA6A6C
:106B1000606E08F059FCD4E91A32DB6A2046DB00CB
:106B2000934228BF1346C4E91762666512A9A3659C
:106B3000FCF75CFD054660B1A36E5A6B002A4CD091
:106B40009A6B002A50D0DB6B002B54D028461AB029
:106B500070BDA26E364BD2690693E36E0D90CDE9FF
:106B60000723D4E91C23CDE90923A26F314B20462A
:106B7000CDE90B23304A314B12A9CDE90E2302F1A6
:106B80008152103206ABCDE9102303230CAAFFF784
:106B90009DFA051ED0DB3CD1002620463346324606
:106BA00012A98DF85E60FFF791FA051EC4DB28D1AB
:106BB00000224FF0FF339FED1C7BCDE90032CDE981
:106BC0000222204604AA12A98DED047BFBF7AAFF3E
:106BD000A36E05465A6B002AB2D1E06801F002FFAD
:106BE000A36E9A6B002AAED1E06901F0FBFEA36EA2
:106BF000DB6B002BAAD1606E01F0F4FE28461AB0C0
:106C000070BD31462046FFF727FC05460028CFD04F
:106C100092E731462046FFF71FFC05460028BBD00F
:106C20008AE700BFAFF30080000000000100000011
:106C300001000200000010400800F00F74FB00107B
:106C40002DE9F04F99B00446FBF75CFD002840F0B9
:106C5000C880012301469A469C4610AD644F654E9C
:106C60001090C5E90100C5E90300C5E905001793C7
:106C70004FEA4A0ACDF814A04FF00109E0468A46CF
:106C800007ABCDE902635C4B2946009300230193D7
:106C900008232046099316AA584BCDE90747FBF76E
:106CA00041FF0028C0F28C8042D040F3090001303F
:106CB0003ED018230093119B29466362109B204607
:106CC00023624F4A0AABFBF7B9F9002878DB0A9B2D
:106CD0001A0C022A9BB276D1012B74D8226B83F056
:106CE000010322F4007242EA43220D9B22631BB18E
:106CF000226F934267D823670E9B1BB1626F93424A
:106D000061D863670F9B43B1A26F93425BD8E26F78
:106D1000A3679A4228BF1A46E267A06E0C9A036ADC
:106D20000BB1934249D1C369E2660B9A9A4244D1AE
:106D300004F1300B5A4629462046FAF7C9FF0028CD
:106D40003ED116994B1C16D0179B5A1C13D0514597
:106D50002BD041452BD1534529D16FF0530BA06E59
:106D6000436B002B38D0836B8BB3C36BCBB9606E96
:106D700001F038FE15E0236BE56E03EBD37323635C
:106D8000E36A5A46B3FBF5F1002705FB113304F122
:106D90003C06834607CA86E80700C4E9153725661E
:106DA000E765584619B0BDE8F08F9845D5D0059AEB
:106DB0004A4519D009F1010962E76FF0150BCFE7D9
:106DC0008346A06ECCE76FF0150BA06EC8E7E069B4
:106DD00001F008FEA06EC8E7E06801F003FEA06EB7
:106DE000C1E76FF00B0BDCE79C46DDF814A03FE732
:106DF00074FB0010912A00100800F00F00FCFF7FC8
:106E00001800102070B50D468AB01646002302A95E
:106E100001AA01950546FCF7DFF9041E0FDB2F21BF
:106E2000019805F0A9FD10B1230D022B0AD1C4F37E
:106E300089223346284602A9FBF746FD0446204630
:106E40000AB070BD6FF01304F9E700BF10B5034C32
:106E500082B00094FFF7C8FC02B010BD94FE001091
:106E6000F0B50B6B0C461E03054689B013D5002602
:106E7000AB6A05F128021BB906E01A461B681BB174
:106E80009C42FAD123681360236D1B68002B3FD00E
:106E9000304609B0F0BDFDF71FFC236B0646002805
:106EA00032D1D803E3D5A2680132E0D0E2680132E2
:106EB000DDD0D90232D5E16CE36A314AA0881A43A9
:106EC000236D0591D3E9013141EA802142EA802214
:106ED00041F081510793049206910223284604AAA7
:106EE00004F10801FFF7F2F8061E0CDB04D1236B56
:106EF00023F480332363BAE700212846FFF7ACFA76
:106F000006460028F3D0236B43F400232363AFE746
:106F1000E06C01F067FD304609B0F0BD4FF0FF377F
:106F200029692F60CA1C17D8A86EAB6982693B44D7
:106F30001344B3FBF2F302FB03F300938668EB699F
:106F40006A69B0470646002892D1AB6EFF219A6A63
:106F5000E86908F039FA2F61A86E03699847064678
:106F6000002885D1236BDB02A5D402AA04F12803F3
:106F700093E80300082382E803001146014A9DE7D5
:106F800000001020000020202DE9F0411E460B6B70
:106F900007469B0315460C4602D5FDF79DFB38B905
:106FA00033462A4621463846BDE8F041FBF7D0BAC1
:106FB000BDE8F0812DE9F0430D6B90466A0306466B
:106FC0001F460C4683B032D42B05D4F8349028D415
:106FD000736F07EB09029A422FD815F4003511D1CF
:106FE000E36A4B450ED263630123214630460DF11F
:106FF00007028DF80750FDF7C1F900280EDB636B1F
:107000004B45F1D33B46424621463046FDF7B6F9A3
:10701000002803DB236B23F40023236303B0BDE8C4
:10702000F083E36A4B4584BF99466363D0E7FDF77D
:1070300053FB0028F2D1256BC6E76FF01A00EDE78D
:107040002DE9F8430E464C6B0746416FCBBB154606
:107050008D4260D8AC423AD0336B5B0328D5BB6E0F
:10706000F26BDB699A4223D0A3F10808444543D36D
:10707000B4FBF8F0013808F0CBF90230A4EB80043F
:107080004545B4FBF8F433D3B5FBF8F0013808F00C
:10709000BFF900F10209A5EB8909B9FBF8F94846E7
:1070A00008F0B6F9A5EB800309FB1833A14514D00D
:1070B00031463846FDF710FB08B928467563BDE830
:1070C000F883012B06D0022B1AD08C4223D82046FD
:1070D000BDE8F8831519BBE72B46726C9A42E7D8D6
:1070E000B16C0A449A42E3D928467563F363E6E734
:1070F0002B464FF00009D9E74545EDD30024C3E7FF
:10710000D6E90B50800301D41544A1E7A54238BF4E
:10711000254615449CE76FF01500D0E72DE9F041B6
:10712000154688B001F1080600230C4605AA314631
:1071300005950546FCF750F8002826DB030D022BC9
:1071400035D140F2FF33C0F38920984220D1D5E9F0
:107150000832CDE906320DF1180800274FF0FF3351
:10716000424631462846CDE90277CDE90037FBF7A4
:10717000D9FC50B90223A268A371AB6AE262E2684B
:10718000A080A06222632360AC6208B0BDE8F081F9
:107190000823084A0DF11808009342EA802243466A
:1071A00031462846FAF7AAFE0028D6DAEDE76FF056
:1071B0001300EAE708000020836A28301BB906E0C4
:1071C00018461B681BB19942FAD10B680360002076
:1071D000704700BF2DE9F04390460C464FF484728F
:1071E0000021054685B0404608F0EEF8A36A8BB34F
:1071F000012B39D00026A28804F1200904F10807E8
:10720000A38B93420FD1E07FD0B14FF0FF334A46BA
:1072100039462846CDE90266CDE90036FBF782FC07
:1072200070B90246A080434639462846FBF74CFB1E
:1072300048B9A288A36A0132A28001330120A36267
:1072400005B0BDE8F083831CFAD1A288013292B266
:10725000A280D5E702230B4A88F800301288A8F8EC
:107260000820A36A0133E9E743460220064A03F8EF
:10727000080B11889278A8F808109A70A36A013355
:10728000DCE700BF80FB001070FB0010002300B59E
:1072900083B001A90193FCF76FF800B9019803B01E
:1072A0005DF804FBE2B110B4013A0E4C01F1FF3C71
:1072B00011441CF8013F83EA000202F00F0254F867
:1072C0002220614582EA101080EA131303F00F03B5
:1072D00054F8233083EA1010EBD15DF8044B70476B
:1072E000704700BFA8FE00100FB400B583B0049C27
:1072F000074803F02BF93CB105A92046019102F0A3
:10730000D7FE044803F022F9012002F0E9FE00BF95
:1073100084FB001018F7001070B58646EFF3108557
:1073200072B6124CD4E8CF6F0120002EFAD1C4E817
:10733000460F002EF6D1BFF35F8F4FF0010CC80847
:1073400001F007030CFA03F31EF800C01CEA030661
:1073500008D14CEA030C0EF800C0C4E88F6F85F327
:10736000108870BD1046FFF7BFFF00BF8B2B0020B9
:10737000F8B5EFF3108772B61C4ED6E8CF5F012444
:10738000002DFAD1C6E8454F002DF6D1BFF35F8F2F
:107390009A421BD8012502E00132934222D3D4083D
:1073A00010F804E002F0070C05FA0CFC1EEA0C0FC2
:1073B000F2D14EEA0C0E00F804E010460023C6E8B5
:1073C0008F3F87F31088984207DBF8BD0023C6E89B
:1073D0008F3F87F310884FF0FF300029F5D00698D3
:1073E000FFF782FF4FF0FF30E8E700BF8B2B002054
:1073F000044A1078431CDBB2182B28BF10231370EB
:10740000704700BFC017002010B5054C82B0014680
:107410001F23182200940348FFF7AAFF02B010BDF3
:1074200094FB0010D02D00204FF0E022936843F031
:1074300000539360704700BF0021044B03F120020A
:10744000C3E88F1F01339342FAD17047802B00208D
:107450004FF0E0234FF08032C3F80024C3F8042437
:10746000C3F80824C3F80C24C3F81024C3F8142468
:10747000C3F81824C3F81C24C3F82024C3F8242418
:10748000C3F82824C3F82C24C3F8302462B670470C
:10749000012300F01F029340400941B1800000F138
:1074A000604000F56140C0F8803103607047024AD7
:1074B000203042F82030704700E100E00123064A06
:1074C000410952F8212000F01F0003FA00F010409B
:1074D000003818BF0120704700E100E00122430995
:1074E000034900F01F008240403341F823207047D9
:1074F00000E100E0054A10309268054B52F8200088
:10750000C01A47288CBF00200120704700ED00E022
:10751000C417002010B5EFF3108C72B6114BD3E8EE
:10752000CF4F0122002CFAD1C3E8442F002CF6D112
:10753000BFF35F8F0C4A103092680C4C52F8202039
:10754000A24201D091420BD1074A926842F8201022
:10755000BFF35F8F0022C3E88F2F8CF3108810BD1C
:1075600000F0BAFF892B002000ED00E011010010AF
:107570002DE9F04F0B4683B0EFF3108A72B6DFF8B7
:10758000A891D9E8CF4F0121002CFAD1C9E8441FB6
:10759000002CF6D1BFF35F8F5D4991F90080B8F1FF
:1075A000000FC0F2B3805B4C08EB480704EB870583
:1075B000AE7910300E7058494FEA48068968009637
:1075C00051F82010BF000E1B472E34D821F0010EB9
:1075D0009EF80760964209D871E00CEB4C0604EB6C
:1075E000860696F807B093454ED9B6469EF906C072
:1075F000BCF1000FF1DA4BF601560EF1040B043D1D
:10760000A5EB0B05C5F34A056FEAC545009F6FEA78
:10761000D5454744BB468EF80680DFF8088104EB69
:107620008707AEF8045044F82B80BE8087F806C068
:10763000FA71BB601AE0394EB14267D1AB60384B8A
:10764000EA71BA1C2244043B9B1AC3F34A036FEA53
:10765000C3434FF421426FEAD343E2536B80FF22CE
:107660004BF60153AA71AB8045F001012A4B9B6890
:1076700043F82010BFF35F8F0023C9E88F3F8AF3E0
:10768000108803B0BDE8F08FF3463BF8046F760531
:107690000FD4761502360BEB460601966FF00706FF
:1076A000F61B019F361B3E44C6F34A0646F460466D
:1076B000A5E706F5FF1606F5FF561F36E9E7AB60AE
:1076C0006FF00703EA714FF42142DB1B1B1B73446D
:1076D000C3F34A06124BE25302372744043BDB1B39
:1076E000A2F54142C3F34A0313433243AA800D4A31
:1076F0006B804AF6AA2173461B1B5B415943090D57
:10770000A971CEF8002045F00101AFE700F0E4FEDA
:107710009E320020C417002000ED00E0110100108F
:107720000C18002001488047892B0020F0B5EFF3AA
:107730000585EDB2EFF3108C72B62C49D1E8CF2F4E
:107740000123002AFAD1C1E8423F002AF6D1BFF353
:107750005F8F274E40F0010EB4684AF6AA2354F812
:107760002570244A0446A41A644163431B0D7745DF
:107770005BB223D092F906409C4224D092F9124089
:107780009C422BD092F91E409C4229D092F92A406B
:107790009C4227D092F936409C4225D092F9424033
:1077A0009C4208BF05240FD0134A0024157813709B
:1077B0008571C1E88F4F8CF31088F0BDB2680F4C13
:1077C00042F82540F0E7002404EB440402EB840275
:1077D000FF2494714BF601549480E5E70124F3E70C
:1077E0000224F1E70324EFE70424EDE7892B0020CE
:1077F00000ED00E0C41700209E32002011010010AF
:1078000010B5074C82B001460523002200940548BC
:10781000FFF7AEFD0028A8BFC0F1330002B010BDD5
:10782000B0FB0010A3320020014B0B4403607047F3
:10783000802B002070B5104C104DAC420ED2FF26AC
:10784000236863B1FFF7D4FD01462046FFF7ECFF44
:10785000A680BFF35F8F0834AC42F1D370BDFFF751
:10786000C7FD01462046FFF7DFFF2671BFF35F8F9C
:107870000834AC42E4D370BDE41D0020EC1D0020B0
:1078800010B50446FFF7B4FD01462046FFF7CCFFD4
:10789000FF232371BFF35F8F10BD00BF10B50446F7
:1078A0000120FFF7B1FD034B03442360BFF35F8F5B
:1078B00010BD00BF802B0020024B0B440360BFF3C0
:1078C0005F8F7047802B002010490B68EFF310800A
:1078D00072B6D3E8CFCF0122BCF1000FF9D1C3E8D3
:1078E0004C2FBCF1000FF4D1BFF35F8F084A4FF06B
:1078F000000C137809680133DBB21370C1E88FCF35
:1079000080F3108840BF0020002170477C320020A7
:10791000A0320020000000002DE9F04F2DED028B79
:1079200085B0EFF30583DBB2103B9A0818BF012244
:107930004FF0010103F0030B18BFAF4DAF4B08BF71
:10794000AF4D0BEB820253F8226001FA0BF205F502
:1079500041539FEDA78B01925A602FE0B3881C041E
:1079600040F19380B379002B40F0DD80B6F9082018
:10797000002AC0F21E81736902EB420203EBC203CC
:10798000D3E90247B7F1FF3F08BFB4F1FF3F0ED084
:1079900005EB8B01AB6A0A69D21AE31A934205D34D
:1079A00001232A6A03FA0BF3134200D10C61284623
:1079B00000F0C2FBA042B941C0F2FB80B6F908302A
:1079C000019A002B0093EA63C8DBD6F8148003EB1E
:1079D0004309284608EBC907D7E9024A00F0ACFB87
:1079E000A04271EB0A01B9DBBAF1000FC0F2C3800B
:1079F000D7E90431834A934200F0ED807A88B6F9E2
:107A0000080092B242EA0040984702460B4652EA0A
:107A1000030100F0B080002B80F2D180B4EB020EA5
:107A20006AEB030A38F93930C7E902EA002B95DB23
:107A3000716903EB430201EBC202D2E90270BE4559
:107A40007AEB000C4FEA430288DBB4462CF8083F7F
:107A500006E003EB430001EBC0005A00D0E90270DE
:107A6000BE451A447AEB000001EBC20404DB31F995
:107A70003230A446002BECDA28F83930009BACF801
:107A80000030B3881C043FF56DAF3369EFF310820B
:107A900072B6D3E8CF0F01210028FAD1C3E8401F06
:107AA0000028F6D1BFF35F8F4FF6FF74B088002334
:107AB000316900B2B480C1E88F3F82F310889842E8
:107AC000FFF650AF0746A946746906F1080807EBB0
:107AD000470E04EBCE03D3E90250B6F90830C44692
:107AE000002B13DBB246009704E034F9363094469D
:107AF000002B09DB03EB430604EBC602D2E902715B
:107B0000BD4270EB0101F0DA5646009FACF8007000
:107B100034F93E7024F83E30002FD8DAB3794D4660
:107B2000002B3FF423AF0023B371B6F9083006F100
:107B30000808581C3DD01A46776903E08046591C56
:107B40003FF416AF03EB430107EBC100B0F802C0EE
:107B50001C461CF4004F9E4637F93130EED094425B
:107B600080ED028B05D0A8F80030328927F831204B
:107B700034817246E3E738F8393033813369EFF303
:107B8000108272B6D3E8CF0F01210028FAD1C3E8E2
:107B9000401F0028F6D1BFF35F8F7388316928F842
:107BA0003930009B73800023C1E88F3F82F3108837
:107BB000D4E640BF05B0BDEC028BBDE8F08F28468F
:107BC000CDE9022300F0B8FA029A039B10EB020EF3
:107BD00043EB010A26E708460B6902919847002803
:107BE000C9D00299D1E9002311E700BFAFF30080AB
:107BF000FFFFFFFFFFFFFFFF00800B405032002020
:107C000000000B40197900102DE9F84F364C25691A
:107C10002DB1BDE8F84F0A213448FFF705BEDFF863
:107C2000E4800321404600F075FA0326C4F80C8076
:107C3000FFF7DEFB4FF0504C2D4B267003442361C1
:107C4000DCF800300F216370636961801D834FF0A1
:107C50000405A3F878504FF00505A3F890504FF0B5
:107C60000605A3F8A8504FF007050E214FF6FF7246
:107C700008274FF00A0EA3F8C0504FF001094FF04B
:107C80000C0C4FF0020B4FF0090A0D204FF00B05C2
:107C9000A3F868111749A280A3F808E1A160A3F82E
:107CA00048B0A3F8F0A0A3F82051A3F838C1A3F876
:107CB0005001A3F83090A3F86060A3F8D8701A8040
:107CC0000D4B3046C8F820700C49DC60FFF722FCF1
:107CD00049463046FFF7DCFB094B0A211F64034885
:107CE000BDE8F84FFFF7A0BD301800207C3200201F
:107CF000802B0020FFFF1000503200201979001067
:107D000000200B4000000B40004870473018002056
:107D1000F8B59DF82050044617461E4635B900F0C8
:107D200013FA874266EB010100295CDB2169EFF35E
:107D3000108372B6D1E8CF0F01220028FAD1C1E832
:107D4000402F0028F6D1BFF35F8FB4F90220656998
:107D500002EB4201002A4FEAC10C206905EBC10188
:107D600039DB35F80CE0A4F802E04FF0000EC0E873
:107D70008FEF83F310884888069B0130C0F30E0014
:107D8000012838BF01200B61079B48804B61C1E986
:107D9000027640EA02402369EFF3108172B6D3E81D
:107DA000CF7F0126002FFAD1C3E8476F002FF6D10D
:107DB000BFF35F8FA38825F80C30A2802369C3E846
:107DC0008FEF81F310880122E368217803F50153D6
:107DD0008A405A60F8BD0022C0E88F2F83F31088D4
:107DE0004FF0FF30F8BD2846F8BD00BF0146F0B5A2
:107DF0000069EFF3108772B6D0E8CF5F0124002D41
:107E0000FAD1C0E8454F002DF6D1BFF35F8FB1F92D
:107E100002E04C690EEB4E0CBEF1000F4FEACC05B0
:107E2000086904EBCC0C3CDB665B4E800026C0E8A6
:107E30008F6F87F31088BCF80200CCE90223013071
:107E4000C0F30E00012838BF0120059BACF80200EA
:107E5000CCF81030069B40EA0E40CCF814300B6989
:107E6000EFF3108272B6D3E8CFCF0127BCF1000F39
:107E7000F9D1C3E84C7FBCF1000FF4D1BFF35F8FA1
:107E80008B886353A1F804E00B69C3E88F6F82F31A
:107E900010880122CB68097803F501538A405A60A3
:107EA000F0BD0023C0E88F3F87F310884FF0FF300C
:107EB000F0BD00BF03464089B0EB214F37DD586964
:107EC0000A1402EB420210B500EBC2001C69EFF38A
:107ED000108C72B6D4E8CFEF0122BEF1000FF9D1B9
:107EE000C4E84E2FBEF1000FF4D1BFF35F8F42887C
:107EF00089B292B28A4207D000221B69C3E88F2F51
:107F00008CF31088002010BD42F400424280012111
:107F1000002218699971C0E88F2F8CF310881C78A3
:107F2000DA68084602F50153A140596010BD0020EF
:107F3000704700BF407870472DE9F04383B0064694
:107F400000F002F94FF47A7304464FF0FF306FF0FF
:107F50000042E6FB0341A04272EB01033ABF044634
:107F600015460D46A61F45F1FF37B44275EB0703D2
:107F70003CBF0026374600F0E7F8301A67EB0101F6
:107F8000012871F1000106DA2046294603B0BDE858
:107F9000F04300F011B900F0D7F8864267EB010119
:107FA00000290ADB00211C4B324600931B483B464C
:107FB0000191FFF71BFF0130E6D04FF0000E184A89
:107FC000DFF864C01749536A9F4204D8906AB042F0
:107FD000DAD29F42D8D1DCF80030EFF3108872B6C5
:107FE000D3E8CF9F0120B9F1000FF9D1C3E8490FC1
:107FF000B9F1000FF4D1BFF35F8F0B78DCF800000C
:10800000DBB2C0E88FEF88F310880878834200D194
:1080100020BF20BFD7E700BFC9780010301800206C
:1080200000000B40A03200207C3200202DE9F047F8
:1080300005460C4682B0EFF30587FFB2002F38D11A
:10804000304ED6E900238B4208BF824239D0DFF898
:10805000C080D8F80CA098F80090504600F06CF85A
:1080600009F104095AF829301B1A281A64EB010196
:10807000984271F1000124DA00F066F8854264EB61
:10808000010100292DDB204B404600932A46234660
:108090000197FFF7ABFE011E23DD1C4BC6E9005420
:1080A0005A6AA2422CD39B6AAB4227D31848FFF7E7
:1080B00001FF164B5A6AA24208D2002002B0BDE866
:1080C000F08720BF114B5A6AA242F6D314BF012099
:1080D00000209B6AAB4228BF40F0010002B0BDE81F
:1080E000F0870A4B586AA042E7D3001B18BF012053
:1080F0009B6AAB4228BF40F00100EFE7A242D5D116
:1081000020BFD3E728180020C978001000000B40DA
:108110003018002010B4054B054C064AA04214BF8D
:108120001846581C5DF8044BFFF7F6B8D42D002014
:1081300000800B40CCFB00100346416A0A46986A57
:10814000596A8A42FAD17047034B596A0A46986ABB
:10815000596A9142FAD1704700000B4030B4154A79
:10816000536A9C46946A536A6345FAD1021959418D
:108170004FF0000528BF01250E4B5B6AB5B15A1CB4
:1081800008BF1A4608D04FF0FF310A460948436A33
:108190008B42FCD38B4207D1064902E0486A9842E1
:1081A00002D1886A9042F9D330BC70479942EDD829
:1081B000F0E700BF00000B40074A536A9942FCD821
:1081C000994207D1044B02E05A6A914202D19A6A5D
:1081D0009042F9D8704700BF00000B4000EB400C04
:1081E0004FEA8C0C0CF1804C0CF5803CF0B5164637
:1081F000DCF80420051FB2F5803F38BF4FF4803211
:10820000EDB238BFCCF80420012D2AD94FF4006715
:10821000254C0CF54052176054F82020B2B9DCF818
:108220000020012D82EA461202F0E0020CF5805691
:1082300032602AD94FF4006144F820304FF4803383
:108240000CF500521160CCF80430F0BD6769B7FB43
:10825000F2FE0EF1010E0EEB4E0EBEF1030EFCD23D
:10826000DDE70129D2D103240CF540521460DCF87B
:108270000820D207FBD5DCF800200B4C82EA46121E
:1082800002F0E0020CF5805632600122DCF800506A
:108290004D4005F00305356002FA01F1DCF80820D5
:1082A0000A42FBD0C6E700BFD82D0020014B53F88F
:1082B00020007047D82D002070B4039D04682D0362
:1082C00045EA03451B4B002CB3FBF1F3B2FBF3F67D
:1082D0001FDB194A194B904214BF4FF480424FF4F0
:1082E0000042174C1A6003F580531A60A36832EA03
:1082F0000303FBD1212200F5405304330160866063
:108300001A600268002AFCDA0822C5601A6070BC94
:108310007047036803F03F038B42DAD18368C3F3ED
:108320000B03B342D5D1C36803F4EE23AB42D0D1E3
:10833000EDE700BF001BB7000080054000200240B1
:108340000000024030B44FF080441C4B1C60E0B190
:108350001B4CA3F54053DC611A4C40F00100444033
:108360001C62596298624FF080454FF0E061134BF8
:108370001548164C1D60846019604AB930BC4FF036
:108380000042A3F580531A607047114BD861EAE7A9
:108390004FF47A7303FB02F2B2F1807F2ABF6FF0D1
:1083A0007F4313461A464FF080410A4C0848236029
:1083B000094B426030BC1960704700BF00B00D40EF
:1083C000D3C007B02D3FF84F00A00140F3FFFF01DD
:1083D00000800D404032002000A00D40012300EB42
:1083E0004000800000F1804000F58410416003608F
:1083F000704700BF002370B5DB8A04460D46164661
:10840000002242E800F2520254BF1021042144F23B
:1084100052209847864633462A462046F446BDE811
:1084200070400A21604700BF0023DB8A002242E837
:1084300000F2520201D4102118470421184700BF4E
:1084400008B51346021E0DDB4BB941F02001002395
:10845000DB7C022B09D04FF48170FFF7CBFF41F09A
:108460003001F4E78B06F6D5F1E74FF49170FFF792
:10847000C1FF00BF034AD2F82838002BFBD0BFF35E
:108480005F8F704700000E400021044B044ABFF389
:108490005F8F43F8041B9342F9D170470C080E40DC
:1084A0002C080E4010B44FF48D704FF42A64064A25
:1084B000064B07491460D06019605368002BFCDA42
:1084C0005DF8044B704700BF0080044000A00440EA
:1084D00000B0FA00704700BF08B50148FEF704FF7E
:1084E000F0FB001038B5054C054DAC4204D254F8F1
:1084F000043B9847AC42FAD338BD00BF28F40010C3
:1085000068F4001010B40748074C084B084A0949A2
:1085100004601A608B6832EA0303FBD15DF8044BF8
:10852000704700BF002002407F3BEFEF0030024069
:10853000F6FFF30300000240044BDB6CB3F5004F81
:1085400003D14FF48022024BDA64704700001150CF
:10855000002011504FF0E022044BD2F8881D0B434D
:10856000C2F8883D10EE3004704700BF03033000AE
:108570006FF06041044B054A19609368DB4333F0A8
:108580006043FAD1704700BF003002400000024053
:1085900010B545F25320FFF747FFBDE810400346F2
:1085A0000420184710B545F25320FFF73DFFBDE802
:1085B0001040034601201847FEF73EBF38B5134967
:1085C000134C144D641AA408442C224628BF44229C
:1085D0002846920006F0E0FE432C14D80E4AC4F15F
:1085E00044000ED005EB8403410803EBC101C3E94D
:1085F000002208338B42FAD1C30704D520F00100D2
:10860000044445F82420054B9D6038BD000000104F
:1086100010010010000000201101001000ED00E02A
:10862000002370B52B4C82B0C4F88430FFF73AFFBA
:108630000122294BDA63636C012BFCD10321264A0A
:10864000244B11639C6B012CFCD10226052521468D
:108650000523224A22480096FFF72EFE21462B468C
:10866000204A21480095FFF727FE002204203146CA
:108670001E4BFFF7B3FD2146284600221C4BFFF797
:10868000ADFD0022082011461A4BFFF7A7FD00227E
:1086900009201146174BFFF7A1FD002206201146C5
:1086A000134BFFF79BFD0022114B07201146FFF7EC
:1086B00095FD0420FFF7FAFD00240F4BA3FB0035C6
:1086C000AD0CE0B229460134FFF788FE062CF8D144
:1086D00002B070BD0000014000300140002F685919
:1086E00000000540008C864700800540001BB70055
:1086F00080D1F008006CDC0283DE1B4386B003B43B
:1087000051FC0804CDE9020151FC0904CDE9040142
:1087100051EC0A04CDE9060103BCF047BDE8005066
:108720004EEC00C4BDE800504EEC01C4BDE8005062
:108730004EEC02C400BD000000B5FFF7DFFF02E011
:1087400010FE30F4F8D441EC100443EC112400EE98
:10875000010410EE010480EE200451EC1004704777
:1087600000B5FFF7CBFF02E010FE30F4F8D441EC87
:10877000100443EC112400EE010410EE210480EEFD
:10878000200451EC3004704700B5FFF7B7FF02E05A
:1087900010FE30F4F8D410B541EC100443EC112471
:1087A00051EC040453EC0524A0FB024C5FF0000ED6
:1087B000E0FB03CEE1FB02CE4CEC20440024E1FBC5
:1087C00003E444EC30E480EE200451EC500410BD8E
:1087D00000B5FFF793FF02E010FE30F4F8D441EC4F
:1087E000100443EC112451EC2104A0FB01126FEAA8
:1087F000820252FB100052FB12F252FB1000A0EB5F
:10880000D07C53EC04245CFB13F153EC1524A1FB46
:10881000022001FB030053EC4424A2EB000050FBB8
:108820001CF24FEA111312EB017043EBE27140EAC4
:10883000515020EA915020F0070053EC7524A0FB22
:10884000023C53EC752400FB03CC01FB02CC53EC3F
:108850000424ACEB824C40EA5C70A0F1010041ECD6
:10886000400480EE200451EC7004704700B5FFF71F
:1088700045FF02E010FE30F4F8D440EC700400EE46
:10888000010410EE210480EE200451EC3004704706
:1088900000B5FFF733FF02E010FE30F4F8D440ECEF
:1088A000600400EE010410EE210480EE200451EC7F
:1088B0003004704700B5FFF721FF02E010FE30F4EE
:1088C000F8D441EC800400EE010410EE010480EEC7
:1088D000400410EE1304704700B5FFF70FFF02E0ED
:1088E00010FE30F4F8D441EC800400EE010410EEE8
:1088F000010480EE400410EE3304704700B5FFF72A
:10890000FDFE02E010FE30F4F8D441EC100443EC1C
:10891000112400EE010410EE3004C0F30070704723
:1089200000B5FFF7EBFE02E010FE30F4F8D443ECA4
:10893000102441EC110400EE010410EE30F48CBF61
:1089400001200020704700BF00B5FFF7D7FE02E00E
:1089500010FE30F4F8D443EC102441EC110400EE86
:10896000010410EE30F42CBF01200020704700BF3E
:1089700000B5FFF7C3FE02E010FE30F4F8D441EC7E
:10898000100443EC112400EE010410EE30F42CBF6F
:1089900001200020704700BF00B5FFF7AFFE02E0E6
:1089A00010FE30F4F8D441EC100443EC112400EE36
:1089B000010410EE30F48CBF01200020704700BF8E
:1089C00010B5044604F0E6FD28B10346034A2344EB
:1089D000934200D810BD0248FEF786FC0000082034
:1089E000FCFB001004F0DEBD704700BF2DE9F04F26
:1089F00083B09946DDE90DAB0F9B884611469A0777
:108A0000074616D1DA453AD20C460D46ABEB0A06BC
:108A10000E4422464B46414620200134B847B4421A
:108A2000F7D12946BAF1000F08D1204603B0BDE8BE
:108A3000F08F0C46BAF1000F10D00E4655460C9B35
:108A40002E449A440191721B4B46013D41461AF84F
:108A5000010D3446B847002DF5D101990F9B9B07B6
:108A6000E3D5651AAB45E0D922464B464146202066
:108A70000135B8475D4504F10104F5D3D5E70C464F
:108A8000BAF1000FD9D1D0E72DE9F04F0F9FDDF8F3
:108A9000248017F0020F0A9C9DF82CA00E9DDDE9A2
:108AA0000C9644D1F5BBB44241D207F0010B04F15E
:108AB000FF3C4FF0300EC44404E00134A6420CF8F1
:108AC00001EF01D9202CF8D1BBF1000F00F0888014
:108AD000A5422CD904F1FF3C4FF0300EC44404E011
:108AE0000134AC420CF801EF21D0202CF8D117F062
:108AF000100F0ED017F4806F54D1A64263D0A54258
:108B000061D0B9F1100F50D0B9F1020F56D0202C1E
:108B100029D12024CDE90B57CDE90984BDE8F04FD8
:108B2000FFF764BF17F0010B34D1B442BFD317F085
:108B3000100F1ED017F4806FE3D1002CDDD1B9F1F6
:108B4000100F63D0B9F1020F77D0302488F80040BD
:108B50000124BAF1000F11D17E0748D52B2608F861
:108B600004600134D6E7264601344FF0300C08F893
:108B700006C0202CCDD0BAF1000FEDD02D2608F87C
:108B800004600134CDE90B57CDE90984BDE8F04F0D
:108B9000FFF72CBFBAF1000F30D0B44205F1FF351A
:108BA00085D395E7B9F1100FB3D1BE063BD5202C84
:108BB000AFD0582608F804600134A8E7202CA8D0CC
:108BC0002646013407E0661EB9D0B9F1100F36D041
:108BD000B9F1020FC9D14FF0620C08F806C096E750
:108BE00017F0100FC5D017F4806F86D089E73E07C5
:108BF00090D5202608F8046001348BE717F00C0F9D
:108C000000D0013DB442FFF452AF61E7BC0612D47C
:108C1000782488F80040302488F801400224BAF112
:108C2000000F99D0AAE7202C3FF473AF782608F8FC
:108C3000046001346BE75824EBE76224E9E717F09E
:108C4000200FA4F1020C04D04FF0580E08F80CE0ED
:108C50008BE74FF0780E08F80CE086E700B9704714
:108C600001F032BC10B1D1E900311847704700BFA4
:108C70002DE9F04F97B09DED207BDDE9225B0746A3
:108C8000884651EC170B249C99460C920B460246E1
:108C90008DED047B0794FFF735FE002840F0F4814A
:108CA000DDE904014FF0FF326FF48013FFF73CFE63
:108CB000002840F01B81DDE904014FF0FF32AC4B8E
:108CC000FFF76EFE002840F0EE80DDE90401A4A36A
:108CD000D3E90023FFF764FE002840F0D380DDE9EC
:108CE0000401A1A3D3E90023FFF71EFE002840F0F2
:108CF000C980DDE9040100220023FFF715FE0028EA
:108D000040F0E88023460D9013F4806F08BF0625DD
:108D100030212B460EAAA5F1200605E0013BB34207
:108D200002F8011B00F09381092BF7D81E46ED1ABB
:108D3000DDE90401FFF7C2FD8E4B044603EBC603D9
:108D400093ED007B8DED087BFFF794FD02460B460B
:108D5000DDE90401FFF708FDDDE90823FFF718FD51
:108D600002460B46CDE90A23FFF7BAFD8246FFF71C
:108D700093FD02460B46DDE90A01FFF7F5FC0246CA
:108D80000B46CDE90A2300227B4BFFF709FE0028A2
:108D900000F0FE800AF1010A5046FFF77DFD024611
:108DA0000B46DDE90801FFF7D3FD10B14FF0000AD3
:108DB0000134002E00F0FD80681E0EABDFF8CCC140
:108DC00018440FE0ACFB0A21C90801EB8102AAEBB1
:108DD00042023032BAF1090F00F8012F40F21C8133
:108DE0008A461D46202D05F1010306F1FF36E9D123
:108DF0002025691E0EAB6148194410E080FB046217
:108E0000C3EBA20303EB8302A4EB420404F13002A0
:108E100001351C4601F8012F002B00F0EB80202DBE
:108E20004FEAE473EAD1079B03F00303012B18D147
:108E3000BBF1000F15D00D9B002B00F00A810BF148
:108E4000FF3BBBF1200F0CD96B1E0EA930220B4447
:108E500005E001355D4503F8012F80F0D180202D1C
:108E6000F7D1079B0EACCDE902B341464B463846DD
:108E70000C9A01950094FFF7B9FD8246504617B051
:108E8000BDE8F08F079B9DED047BCDE923B3414600
:108E90004B4638460C9A8DED207B229517B0BDE8E5
:108EA000F04F00F045B9610723464CBF042303236C
:108EB0004146219338464B46079A48BF304CCDE98E
:108EC00022B258BF2F4C0C9A209417B0BDE8F04F37
:108ED000FFF78CBDDDE9042300200021FFF744FCEF
:108EE0000123CDE904010D9323460DE723469C079A
:108EF00040F0AA80BBF1040F40F2A6800C9B1D46F7
:108F00001C1F04EB0B0A2A464B4641462020013524
:108F1000B847AA45F7D155461B4C261F14F8010D3A
:108F20002A464B464146B847B44205F10105F5D102
:108F3000079B0AF1040A9807A0D50C9CAAEB04032E
:108F40009B459BD952464B46414620200AF1010AD7
:108F5000B847AAEB04035B45F4D38FE7AFF3008077
:108F60000000000065CDCD410000000065CDCDC101
:108F7000FFFFEF7F48FF00100000E03F6766666676
:108F800044FC00104CFC001058FC0010CDCCCCCCA4
:108F90000022DDE90A01634BFFF7C6FC00287FF4DD
:108FA00008AFBAF1000F6AD10AF1010A002E7FF46E
:108FB00003AF2046FFF75EFC02460B46DDE90401E5
:108FC000FFF7D2FB02460B46CDE904230022554BA6
:108FD000FFF7AAFC00287FF40CAFDDE904010022B2
:108FE000504BFFF7DDFC00287FF403AF013424F081
:108FF0000104FEE6079B03F00303012B00F08280CF
:10900000202D3FF42EAF0D9B7BB32D220DEB0503DE
:1090100083F83820013524E7202B3FF4E9AE0EAA6F
:1090200015441E44302204E0202B05F8012F3FF4A4
:10903000DFAE9E4203F10103F6D12E220DEB0603B3
:1090400083F83820751CD4E6DDF830A063E72025CE
:109050006EE6079B13F00C0F50D00BF1FF3BAB45B6
:109060003FF6F2AE202D3FF4FCAE079B5A0701D528
:109070002B22CBE71B077FF5F4AE2022C6E71AF0C0
:10908000010F3FF496AE8FE7A60734D1BBF1030F73
:1090900031D90C9B1D46DC1E04EB0B0A2A464B46BD
:1090A000414620200135B8475545F7D155461E4C5D
:1090B000E61E14F8010D2A464B464146B847A64223
:1090C00005F10105F5D1079B0AF1030A9D077FF51C
:1090D000D5AE0C9CAAEB04039B457FF6CFAE52465F
:1090E0004B46414620200AF1010AB847AAEB040387
:1090F0009B45F4D8C2E6DDF830A0D7E7AB453FF694
:10910000A3AEAEE6BBF1000F3FF47AAF0D9B002B90
:109110009FD00BF1FF3B5D45FFF496AE202D7FF411
:1091200074AF9EE60000E03F53FC0010000000001A
:109130002DE9F04F9FB02A9EDDE92845074693466A
:109140000891099322462B46204629460E96DDE9D2
:109150002BA6FFF7D7FB002840F0BE80204629460B
:109160004FF0FF32784BFFF71BFC002840F0B48033
:10917000204629464FF0FF326FF48013FFF7D4FBEF
:10918000002840F0A9802046294600220023FFF74E
:10919000CBFB002840F0D581CDE90A45DDE90A2363
:1091A0009046994606F4006216F480630F9213937A
:1091B00040F0A18058EA090340F0CA80002A40F03C
:1091C000E38106230E9316F00202109240F0D48140
:1091D0005346042B38BF04230C920422043B129202
:1091E0000F932046294600220023FFF79DFB00280D
:1091F00040F0F3819DED0A7B0F9B5A4603930E9B33
:109200008DED007B029326F4006304933846099B9E
:109210000899FFF72DFD024616F0200F099B0899CB
:109220000CBF6520452002F10108B8470C9A129B3B
:1092300016AC5D1E82EAE273A3EBE273D10F002647
:1092400022469946DFF804C101E0202E10D0CE4618
:10925000ACFB0930C00800EB8003A9EB43033033BB
:10926000BEF1090F814606F1010602F8013BECD878
:109270000523002006930A2305950094099D089C68
:109280004246CDE90330CDE901612B4621463846FF
:10929000FFF7FAFB109A8046D2B1A0EB0B06B2455D
:1092A00016D90BEB06022B46214620200136B84783
:1092B000B245F6D80BF1FF335344CBF10102A3EBD7
:1092C00008034244924538BF002308F1010898443E
:1092D00040461FB0BDE8F08F5A463846CDE92845D4
:1092E000CDE92BA60E9C099B08992A941FB0BDE8D6
:1092F000F04FFFF7BDBC58EA09032BD1002A3FF419
:1093000062AF00230C930E9B0C9A934200F3B98139
:109310004FF000082046294600220023FFF704FBF7
:10932000002840F013819DED0A7B26F4006646F488
:1093300080668DED287B5A463846CDE92A8A099BFE
:1093400008992C96D2E700BFFFFFEF7FCDCCCCCCA5
:1093500006230E93C9F30A50A0F2FF30FFF78AFAF2
:10936000C1A3D3E90023FFF713FAC1A3D3E9002374
:10937000FFF7E6F9C9F31309CDE90C0149F07F5174
:1093800040460022B24B41F44011FFF7EDF9A4A38F
:10939000D3E90023FFF7FCF902460B46DDE90C0197
:1093A000FFF7CEF9FFF78AFA0C90FFF763FA9EA356
:1093B000D3E9002380468946FFF7EAF90022A54B4E
:1093C000FFF7BEF9FFF77AFA034649464046129383
:1093D00097A3D3E90023FFF7DBF98046129889466B
:1093E000FFF748FA94A3D3E90023FFF7D1F9024627
:1093F0000B4640464946FFF7B7F902460B46804602
:109400008946FFF7C5F942464B46CDE91001404673
:109410004946FFF795F90022CDE91401DDE9100175
:109420008D4BFFF7D9F900228C4BFFF789F90246E3
:109430000B46DDE91001FFF7CFF90022884BFFF75B
:109440007FF902460B46DDE91001FFF7C5F94246F8
:109450004B468046894600204FF08041FFF784F953
:1094600002460B4640464946FFF76AF902460B465C
:10947000DDE91401FFF7B0F900227A4BFFF760F93C
:10948000129B002203F2FF3C4FEA0C53FFF780F9D6
:1094900080468946DDE90A0142464B46FFF744FA19
:1094A00050B10C9B4046013B49460C9300226B4B4C
:1094B000FFF792F9804689460C9A43466332C62AE2
:1094C00006F00202109249460F9A2CD8002A5ED06C
:1094D000042212920B433FF416AFDDE90A0158A3B0
:1094E000D3E90023FFF748FA48B1DDE90A0156A3A2
:1094F000D3E90023FFF718FA00287FF404AF0E9B8E
:10950000002B50D0139A002A7DD0013B0E93129B62
:109510009A4505D9109B002B00F0AE8002231093D2
:1095200000230F9344E022BBBAF1050F4FD906F098
:109530000203002B49D105231293AAF105030F93CF
:109540003AE005F100430A940B9327E626F40066FF
:1095500046F4806638462C96DDE90A67344607F102
:1095600000455A46CDE92A8ACDE92845099B089944
:10957000BCE605221292ADE700230222CDE90F32AC
:1095800004220C9312922CE64FF00508C2E6BAF1C1
:10959000040F1FD9109B002B78D104231293AAF13A
:1095A00004030F9304E0129B9A4531D80E9B0F934E
:1095B0000C9B002B3FF415AEDDE90A0142464B46F9
:1095C000FFF70AF9CDE90A010BE602231093052300
:1095D0001293F1E704231293EAE7DDE90A45A04676
:1095E0000F9B05F1004903930E9B5A46029326F404
:1095F000006304933846CDE90089099B0899FFF779
:1096000037FB024608E6129B9A4544D80F92CFE7F3
:10961000109B8BB30E9B0F9302231093C8E700BFE0
:1096200061436F63A787D23F71A379094F930A40C3
:109630001655B5BBB16B0240EF39FAFE422EE63F3C
:109640002D431CEBE2361A3F0000000080842E41BF
:109650000000F83F0000E03F00002C4000002440E4
:10966000000018400000F03FFB799F501344D33FA7
:10967000B3C8608B288AC63F129BAAEB03030F93E3
:1096800096E7A3EB020808F1FF3843E604231293A0
:10969000022310938CE7109B002BEDD002230F9236
:1096A000109385E72DE9F04F9BB0249C954D0A94CB
:1096B000954CB1F1000A18BF834625601878934C89
:1096C000914608BFA3460993002800F093824FF00B
:1096D00000080AE042464B46514608F10108D847C7
:1096E000099B1878002800F0CE80099B252803F1FB
:1096F00001030993EED11C460023224612F8010B08
:10970000A0F1200110290AD8DFE801F04009093C46
:109710000909090909090938093409093000A0F1C2
:1097200030010929099440F28A802A2800F0F0804B
:1097300000252E2800F096800026A0F1680112294D
:109740002DD8DFE811F049012C0043012C0038012D
:109750002C002C002C002C002C002C002C002700AE
:109760002C002C002C002C002C002700144643F069
:109770000103C2E7144643F00203BEE7144643F078
:109780000403BAE7144643F01003B6E7144643F067
:109790000803B2E70999487843F4807301326728D7
:1097A00009927ED8242840F2C180A0F12502422AE5
:1097B00000F2BC80DFE812F05001BA00BA00BA0033
:1097C000BA00BA00BA00BA00BA00BA00BA00BA00C9
:1097D000BA00BA00BA00BA00BA00BA00BA00BA00B9
:1097E000BA00BA00BA00BA00BA00BA00BA00BA00A9
:1097F000BA00BA00BA00BA00190137011901BA005B
:10980000BA00BA00BA00BA00BA00BA00BA00BA0088
:10981000BA00BA00BA00BA00BA00BA00BA00BC0175
:10982000BA00BA00BA00BA00BA00BA00BA00BA0068
:10983000BA00BC015801BC0119013701190100250A
:1098400000E0013205EB850500EB45051078303D61
:10985000A0F130010929F4D92E28099202F1010260
:109860007FF46AAF099943F4806348781146A0F108
:109870003006092E40F221812A2800F02F8109921A
:109880000026013259E74446C14501D809F1FF38A5
:109890004B46424651460020D84720461BB0BDE803
:1098A000F08FA0F16902D2B20F2A3FD8012149F20C
:1098B00041079140394040F0F3800A2A3DD0072A01
:1098C00034D10A9D55F8042B002A00F0138143F08F
:1098D000210012AB1F460B9303E0202900F01481F6
:1098E0001A4602F00F042346092C94BF3033373355
:1098F0000F2A07F8013B01F101014FEA1213ECD8DE
:1099000002E100BFA59600103C320020E98900105A
:109910000A99099851F8045B4078002DCDE9092196
:10992000BCBF43F002036D42013202E742464B46A0
:10993000514608F10108D847D2E60A99002E51F89D
:10994000047B18BF3246387808BF4FF0FF3200283A
:1099500000F07B83BC18A4463A4604E012F8014F9D
:10996000002C00F03F819445F8D16446E41B5A0571
:1099700040F12281B44228BF344613F0020300F0C4
:1099800088820223CDE90A5142461D46464408E03A
:109990004B465146D84717F8010F08F1010810B19E
:1099A00042464645F4D12B460B990A9D002B40F0C8
:1099B00041810A9194E6099948786C287FF4ECAECD
:1099C0000A46887843F440730332E8E6099943F481
:1099D000007348780132E2E609994878682800F077
:1099E000038143F080030132D9E6672800F0D98073
:1099F000472800F0DC80452800F0DB80CDE90353E8
:109A00000A9B0296073323F007031C464246F4E8FC
:109A100002674B4651465846CDE900670A94FFF766
:109A200087FB80465CE6462808BF43F02003CDE96B
:109A300003530A9B0296073323F007031C46424652
:109A4000F4E802674B4651465846CDE900670A9450
:109A5000FFF70EF9804643E642464B465146252025
:109A600008F10108D8473BE60A9A990702F1040475
:109A700008F1010640F1C68010784B464246514637
:109A8000D847012D88BFA84440F2BD8132464B46DD
:109A9000514620200136D8474645F7D10A941FE6A3
:109AA0006F2800F0818040F24882782800F0908191
:109AB0000A2723F01003BC4641E0002606EB860689
:109AC00000EB4600A0F1300611F8010FA0F13002C2
:109AD000092AF3D90A46099101322EE6DDE9092166
:109AE00051F8046B9078023209920A91013226EA09
:109AF000E67622E623F0100013F4806240F02100A5
:109B00003FF4E7AE12AB0B930B9B06900093082338
:109B10001020059300234246CDE9023001914B46C7
:109B2000514658460496FEF7AFFF0A958046D7E5A2
:109B3000582862D0622840F08F800227BC4613F478
:109B4000806000F0DD8023F00D0313F4007240F01C
:109B500081810A990F1D13F4807140F037825C06F1
:109B60000A9A40F13B811278002A40F04E8123F09E
:109B70001003002800F04981114612AA0B92CDE98A
:109B80000553CDE903C601910B9B42460093002388
:109B90005146029358464B46FEF776FF0A97804699
:109BA0009EE543F4006329E70827BC46C7E743F472
:109BB000006343F0200321E713F0020300F08E81DD
:109BC00002230A951E460D4642464B465146D8474B
:109BD00017F8010F08F101080028F5D1294633468E
:109BE0000A9DE3E6D41BC2E60A46887843F0C00328
:109BF0000332D4E50446804646E6102743F02003AE
:109C0000BC469CE7012D40F2F880464608F1FF373C
:109C10002F4432464B46514620200136D847BE429B
:109C2000F7D10A9B3246187851464B46D847A8448C
:109C30000A9455E54646A5427FF6BBAEA844A8EB7C
:109C400004080C4632464B46514620200136D84780
:109C50004645F7D12146ACE613F4806200F0BB80A4
:109C60004FF4806223F0110C1CF400770A9B4AD158
:109C70001CF4807003F1040440F034811CF0400FA8
:109C800040F0A3801CF0800F00F0D381B3F90010E6
:109C900081EAE177A7EBE177BFB2CB0F002900F0B3
:109CA00056813A4612A90F46DFF8D8E30B910A9382
:109CB0000C9501E020280FD01546AEFB0213DB08FF
:109CC00003EB8301A2EB41013031092D1A4600F16B
:109CD000010007F8011BEDD80A9B0C9DCDE9055C3E
:109CE000CDE9010304960B9B424600930A2351469B
:109CF000039358464B46FEF7C7FE0A948046EFE4AE
:109D000023F00C0321E7073323F007031946084625
:109D10005B6850F8081BDF0F0A9051EA030062D11C
:109D2000002A40F09F811346114612AACDE90C7516
:109D300000201546CDE90E68DFF848E30B9201E0FC
:109D400020282DD05A1842F10002AEFB027828F0EC
:109D5000030707EB9807D21B1E469B1A61F1000709
:109D60000C464FF0CC3101FB03F10EFB0711A3FBB6
:109D70000E731944052307F00108A8FB03389B184C
:109D80000A2E03F130034FEA570774F1000405F877
:109D9000013B00F1010047EAC1734FEA5101CFD204
:109DA000DDE90C75DDE90E680B9B424600930A2342
:109DB000CDE9055CCDE90107049603934B46514676
:109DC0005846FEF761FE80468AE419780F4664E73C
:109DD0001027BC46B3E623F0100C45E71C064CBF29
:109DE00012881268C0E60A46191E01DB13469CE77A
:109DF0005242134661EB410197E7134651461878EA
:109E000042464B46D847B04648E613F0200F14BFF1
:109E10004120612012ACA6460B940A93A0F10A04DB
:109E20000C9502E0202912D02A46B2FBFCF50CFB6F
:109E30001520C3B2092803F130008ABF1B19C3B231
:109E4000DBB262450EF8013B01F10101EAD20A9B47
:109E50000C9D94E60A9A073222F00702516852F8E4
:109E6000084B8E460A9254EA010276D123F0100381
:109E7000002872D00022114612AA0B92CDE9055398
:109E80000B9B424600930023CDE903C60191029348
:109E900094E7A54298BF01347FF674AD4FF4806318
:109EA000CDE90A7505EB08021F460D46141B424614
:109EB0004B465146202008F10108D847A045F6D16D
:109EC0003B460A9F294638780B9D6C1C00283FF4BE
:109ED00070AD002B3FF475AE002353E5A542DFD8EB
:109EE00001346EE61968CB0F002900F0A88081EAE2
:109EF000E172A2EBE17212A90846DFF888E10B914A
:109F00000A930C9501E0202F0FD01546AEFB0213EB
:109F1000DB0803EB8301A2EB41013031092D1A4626
:109F200007F1010700F8011BEDD80A9B0C9DCDE954
:109F3000055CCDE901730496D5E6692823F0100C81
:109F400040F08C8013F480623FF48EAE88E6002AE5
:109F50003FF4A8AE12AA0B92C0E613F0200F14BF74
:109F600041226122002012A90A3ACDE90E68CDE90A
:109F70000C35CDF844B006468846754693460B919D
:109F8000CDF840C003E0202E17D004460D462946E8
:109F90003A460023204605F037FAD2B2092A02F1E8
:109FA000300388BF02EB0B03BC42DBB275F1000546
:109FB00008F8013B06F10106E5D23146DDE90C3532
:109FC000DDE910CBDDF83C800E9E57E70A99096861
:109FD00051B923F0100338B112A90B91CDE9055303
:109FE000CDE903C60192CFE513F0200F14BF412045
:109FF000612012ACA6460B940A93A0F10A040C95BA
:10A0000002E0202A12D02946B1FBFCF50CFB15100A
:10A01000C3B2092803F130008ABF1B19C3B2DBB2F7
:10A0200061450EF8013B02F10102EAD20A9B0C9D48
:10A03000D4E7196881EAE177A7EBE1772DE6002AFA
:10A040003FF459AF12AA0B9271E713F480640DD05C
:10A0500013F0020412D004464646ECE50A27634694
:10A06000BC466CE512AB00200B939DE613F0020397
:10A070007FF4E0AD002D7FF413AF9AE4002D7FF460
:10A080000DAF96E4CDCCCCCC70B594461E460546BB
:10A090000C4684B04FF0FF32634602A90096034895
:10A0A000CDE90254FFF7FEFA04B070BD658C0010D4
:10A0B00010B5094B84B01C684CB1034600914FF0B9
:10A0C000FF3203A90548A047012004B010BD00F0ED
:10A0D0003DFA204604B010BD3C3200205D8C0010DB
:10A0E00000BEFDE7704700BF074A0346106838B15D
:10A0F000064903448B428CBF4FF0FF30136070471A
:10A10000034908461160F3E7382E002000000820BC
:10A11000A432002003460846114623B9034BD3E975
:10A12000002300F037B94FF0FF307047E8FE001011
:10A13000431E012B09D810B51446084601230022FE
:10A14000214600F0B1F8204610BD4FF0FF307047B7
:10A150004FF0FF30704700BF4FF0FF30704700BF37
:10A160004FF0FF30704700BF02288CBF0020012055
:10A17000704700BF08B5FFF7B3FF00BF38B5064C06
:10A18000064DFEF7AFF9AC4204D254F8043B9847B1
:10A19000AC42FAD338BD00BF68F400106CF4001074
:10A1A00003680846114618472DE9F0411546427DDF
:10A1B00007468846002A46D0002D1DDD0B780A2B65
:10A1C00023D0012D4FF0000C18D04646012416F87C
:10A1D000012F21460A2A04F1010422D0A542F6D11A
:10A1E00065450BDC08EB050313F8013CA3F10D03F7
:10A1F000B3FA83F35B093B75BDE8F0813B68A5EBDF
:10A200000C0108EB0C009847ECE7037D002BD8D13C
:10A21000036802210F489847012DE3D04FF0010C4D
:10A22000D3E716F8013C0D2BD8D08C4508EB0C0079
:10A23000A1EB0C0101DA3B689847022105483B6815
:10A240009847A446CAE7294640463B68BDE8F04126
:10A25000184700BF98FF0010F8B50B685A1C802AF9
:10A260000B440A60187100D0F8BD0D4B0D461C68F8
:10A270009CB10C4E0F1D01E0246974B12368002BC2
:10A28000FAD033680BB1A342F6D1204639462A688A
:10A29000FFF78AFF2469002CF0D100232B60F8BD62
:10A2A000282E0020302E00202DE9F04782B00D46E8
:10A2B00091461C460646FDF747FF4FF0FF3C6FF006
:10A2C00000472E4A821841F10003944577EB0301C1
:10A2D0003CBF62463B462A4805F06EF86B1C804640
:10A2E00040D00CB3274F284B1C68B4B1B9F1000F14
:10A2F0001CD1DFF89C9001E0246974B12368002B25
:10A30000FAD0D9F800300BB19C42F5D120462A464C
:10A310003146B8472469002CF0D1B8F1000F26D19E
:10A32000284602B0BDE8F087184FDCE74FF00A0A74
:10A33000DFF85C9002E02469002CEED02368002B4B
:10A34000F9D0D9F800300BB1A342F4D12A463146F6
:10A350002046B847012220460DF107018DF807A0DD
:10A36000B847E8E7304602F0D9FA0546B9E70448AD
:10A3700005F02EF8284602B0BDE8F08740420F00F5
:10A38000E41D0020A9A10010282E0020A1A100108A
:10A39000302E00202DE9F04F984607460E4683B038
:10A3A000DFF860B0DFF86090DFF860A00192DBF8C2
:10A3B000004014B911E024697CB1D9F800500DB106
:10A3C000A542F8D1A268002AF5D031463846904718
:10A3D0000028F0DD03B0BDE8F08FDAF824209045C6
:10A3E0000BD8DAF82810019B994204D36FF00100D2
:10A3F00003B0BDE8F08F9045F8D101200021FDF7B2
:10A40000ADFED4E7282E0020302E002000000B40A7
:10A41000084A136823B90AE003F110021B6933B13B
:10A420008342F9D129B9186910601961704701B1E7
:10A4300010607047282E002000F0B2BA2DE9F041DC
:10A4400082B00646FDF780FE4FF0FF326FF000430A
:10A45000361841F10007B24273EB07013CBF1646C4
:10A460001F46DFF86080154DD8F8004014B912E09F
:10A47000246984B12B680BB19C42F9D1A368002BED
:10A48000F6D0012101A898470028F1DD9DF80400CD
:10A4900002B0BDE8F0810A4B5A6A974209D89B6A1C
:10A4A000B34204D36FF0010002B0BDE8F0819742DF
:10A4B000F8D101200021FDF751FED5E7302E002014
:10A4C00000000B40282E0020F0B583B006468DF822
:10A4D0000700FDF739FE4FF0FF356FF00044174AD3
:10A4E000821841F10003954274EB03013CBF2346FF
:10A4F0002A46134804F060FF124B07461C689CB1C3
:10A50000114D01E024697CB12368002BFAD02B683F
:10A510000BB19C42F6D1204601220DF10701FFF755
:10A5200043FE2469002CEFD117B9304603B0F0BDCB
:10A53000034804F04DFF304603B0F0BD40420F0029
:10A54000E41D0020282E0020302E002038B50446BF
:10A5500002F0E4F9012305461A4620462946FFF792
:10A56000A3FE084B1C682CB163682BB19847246983
:10A57000002CF9D1284638BD2469002CF4D1284696
:10A5800038BD00BF282E00202DE9F041A2B00446BE
:10A590000D46FDF7D9FD4FF0FF376FF00046264A14
:10A5A000DFF8A480821841F10003974276EB0301A3
:10A5B0003CBF3A463346214804F0FEFE00272B46B6
:10A5C0002246064601A91E480197FFF75DFD019B43
:10A5D0000546D8F80040C3B1002C2BD0194F01E03C
:10A5E000246974B12368002BFAD03B680BB1A342F5
:10A5F000F6D12046019A02A9FFF7D6FD2469002C66
:10A60000F0D10023D8F8004001932CB1636843B126
:10A6100098472469002CF9D12EB9284622B0BDE80C
:10A62000F0812469F1E7054804F0D2FE284622B003
:10A63000BDE8F0810194EFE740420F00E41D0020E7
:10A6400059A20010302E0020282E00200FB400B593
:10A6500083B004A951F8040B0191FFF795FF03B0F3
:10A660005DF804EB04B07047024A034B10601960B8
:10A67000704700BFC82D0020CC2D0020184B70B5AE
:10A680001A68002A28D0EFF3108172B6D2E8CF4FB3
:10A690000120002CFAD1C2E8440F002CF6D1BFF300
:10A6A0005F8F00220F4C186859602270C0E88F2F0E
:10A6B00081F31088002400250B4E3078FCF7FEFE55
:10A6C00020B9002400252046294670BD3078FCF7CB
:10A6D00005FF2046294670BD4FF47A740025EBE74C
:10A6E00048320020A2320020A1320020014B18780D
:10A6F000FCF7F4BEA132002038B5044600200D4618
:10A7000001F062FBA8B3002001F074FB88B3FDF7F1
:10A710001BFD4FF0FF3E6FF0004C174A821841F1CD
:10A72000000396457CEB03013CBF72466346134829
:10A7300004F042FEE8B1002001F046FB58B90021C8
:10A740004FF0FF3000F07AFD6FF002040B4804F088
:10A750003FFE204638BD002001F04CFB0028EED023
:10A7600021462A46002001F04FFB04460028EDD187
:10A77000EAE76FF00204ECE740420F00803200206D
:10A7800008B5FDF7E1FC4FF0FF3E6FF0004C0F4ABB
:10A79000821841F1000396457CEB03013CBF7246F1
:10A7A00063460B4804F008FE70B14FF0FF30002103
:10A7B00000F044FD002001F06FFB0028F5D1BDE85A
:10A7C0000840034804F004BE08BD00BF40420F002B
:10A7D000803200202DE9F84380460F46FDF7B4FC97
:10A7E0004FF0FF356FF00044334A821841F1000307
:10A7F000954274EB03013CBF2A4623462F4804F0E0
:10A80000DBFD08B9BDE8F883002001F0DDFA00287F
:10A8100047D0002F40DD0025DFF8A890284E13E038
:10A820002246002001F07EFB002104464FF0FF305D
:10A8300000F004FD002001F02FFBFDF785FCC9E9C5
:10A8400000012544AF4227DD002001F08BFB7C1B7B
:10A850008442A8BF044608EB0501002CE0D1214644
:10A860004FF0FF3000F0EAFC204601F015FB2046D7
:10A8700001F0AAFA80B1204601F074FB0028E1D172
:10A88000FDF762FCD9F80030D9F804209B1942F199
:10A89000000283428A41D5D20848BDE8F84304F05B
:10A8A00097BD00200021074BC3E90001BDE8F84334
:10A8B000024804F08DBD00BF40420F0080320020EE
:10A8C00020A10700D81F002030B5002185B02E48F8
:10A8D00004F0A2FDF0B92D4B1A68CAB1EFF3108154
:10A8E00072B6D2E8CF5F0124002DFAD1C2E8454FFD
:10A8F000002DF6D1BFF35F8F254C1D68227859607B
:10A90000D3B201222270C5E88F0F81F31088CBB13A
:10A9100005B030BD00214FF0FF3000F08FFC00206B
:10A9200001F068FA0446184804F052FD002CEFD0FC
:10A93000184B1B68002BEBD0174A106805B0BDE818
:10A9400030401847FDF7E0F90446FDF7FDFB4FF0F6
:10A95000FF3C6FF0004510F57A7241F10003944519
:10A9600075EB030138BF2B464FF000014FF0010596
:10A9700020460A4C38BF6246CDE901150094FDF728
:10A98000C7F905B030BD00BF80320020483200203A
:10A99000A2320020C82D0020CC2D00207DA6001062
:10A9A0004FF0504330B585B01C68FDF7ADF9FDF7A9
:10A9B000C1FAA04202D0002005B030BD00212A4BD0
:10A9C00008461B7801F08AFC28480368002B47D012
:10A9D0000120FCF715FF0346254C2649C0B2237021
:10A9E000FCF798FD20780121FCF752FD0E20FCF7C2
:10A9F00081FD40BB204B0125C3E90000FDF784F930
:10AA00000446FDF7A1FB4FF0FF3E6FF0004C10F540
:10AA10007A7241F1000396457CEB03014FF000018F
:10AA20002046164C3CBF72466346CDE901150094A2
:10AA3000FDF76EF90028BEDB01211148FFF7E8FCA5
:10AA4000012005B030BD0120FCF7DEFC01460A48BC
:10AA5000FCF732FF00220E200A49FCF789FDEBE7E4
:10AA6000FCF70EFFB4E700BF7C020110803200202B
:10AA7000A1320020C9A80010483200207DA6001095
:10AA800048180020EDA60010002001F09DB900BF7D
:10AA9000004870471400011000487047C0FF0010C4
:10AAA00038B5184B04461A780AB344B940F2094243
:10AAB0004FF44173144D6A8013482B8038BD052C28
:10AAC0001DD8124B104D53F824102846002301398D
:10AAD00003E0132B20F8022F0ED011F8012F0133C1
:10AAE000DBB2002AF5D15B0043F44073E4E71121A7
:10AAF000184600F025F8D8E74FF44A73DCE7002049
:10AB000038BD00BF88320020002E0020A8FF0010B2
:10AB100000B545F247308BB0FDF786FC01220346B5
:10AB2000092101A89847DDE90332044912BA1BBA8A
:10AB3000C1E900230BB05DF804FB00BF74320020B4
:10AB4000012901F1FF3300F0B3805D490A784FEA33
:10AB5000121C9F2A8CBF0CF1370C0CF1300C012B0E
:10AB600080F800C000F0A78002F00F02092A8CBF15
:10AB700037323032022B427000F09D804A784FEA23
:10AB8000121C9F2A8CBF0CF1370C0CF1300C032BDC
:10AB900080F802C000F08F8002F00F02092A8CBFFB
:10ABA00037323032042BC27000F085808A784FEA49
:10ABB000121C9F2A8CBF0CF1370C0CF1300C052BAA
:10ABC00080F804C077D002F00F02092A8CBF373218
:10ABD0003032062B42716ED0CA784FEA121C9F2A7F
:10ABE0008CBF0CF1370C0CF1300C072B80F806C031
:10ABF00061D002F00F02092A8CBF37323032082BA5
:10AC0000C27158D00A794FEA121C9F2A8CBF0CF1EE
:10AC1000370C0CF1300C092B80F808C04BD002F037
:10AC20000F02092A8CBF373230320A2B427242D0CF
:10AC30004A794FEA121C9F2A8CBF0CF1370C0CF199
:10AC4000300C0B2B80F80AC035D002F00F02092A15
:10AC50008CBF373230320C2BC2722CD08A794FEA3B
:10AC6000121C9F2A8CBF0CF1370C0CF1300C0D2BF1
:10AC700080F80CC01FD002F00F02092A8CBF3732B7
:10AC800030320E2B427316D0CA7911099F2A8CBF1D
:10AC9000373130310F2B81730DD002F00F02092AAA
:10ACA00094BF30323732102BC27318BF103002D02D
:10ACB000002303707047184400230370704700BFDF
:10ACC00074320020704700BF0022014B1A70704799
:10ACD0009F3200204B79FF2B0BD1887948B9CB7973
:10ACE000012B07D1082A05D9034B8A7809201A704D
:10ACF00070470020704700BF9F320020012070473E
:10AD0000012901D00120704708B5104B91881B78AC
:10AD1000994201D0002008BD5378012B08D0022BA6
:10AD2000F8D1002164220846FDF70CFB012008BD84
:10AD3000518811F480721ABFC1F3C012480A4FF053
:10AD4000FF3001F00301FDF77BFB00BF9F320020C5
:10AD500000487047D0000110012907D15378012B1A
:10AD600002D19388072B03D0002070470120704741
:10AD70001146A623014A00F0F7BE00BF28000110CB
:10AD80000346012201481A70704700BFF400011009
:10AD900008B50B68B3F5966F00D008BD00224FF0E0
:10ADA000FF301146FDF74CFB70B500F027F90C237E
:10ADB0004026194CFF22A3670E201849FCF7D8FB48
:10ADC00032460021164804F0FFFA012500238021B5
:10ADD0001348144A418445700683068782604360A5
:10ADE000136042F8043C80F8213080F83B30436225
:10ADF0000D4B4FF00056C360C362803B836204F08A
:10AE0000EFFA4FF480320949094B25642846E6647D
:10AE1000C4F89010DA6470BD0000115031060020B3
:10AE20003C2E0020840010500001105010D0010072
:10AE30000020115001210E20FCF72ABB00220248FD
:10AE4000114600F0FBB800BF5C2E0020044B1970C7
:10AE500021B14FF40032034BC3F89020704700BF7C
:10AE60009B320020002011500B785B0602D14B78FA
:10AE7000052B00D070474B88014ADBB21360704746
:10AE800000001150CB782DE9F04103F0030EBEF124
:10AE9000010FC3F3010057D0002791F802C0314CD5
:10AEA0000CF07F025600898806EBDC1304EB431399
:10AEB0004FEADC15D876C1F30A0185F0010083F86A
:10AEC00002C019835870DF70D3006DBB264804336D
:10AED00004EB821C03EB0008CCF808801F5062B31F
:10AEE000224BD2001344CCF80430214A3F3113687E
:10AEF00021F03F01BEF1020F08BF49001D4819446F
:10AF00002E4404EB461481421160E36027D883F09D
:10AF1000A04383F48013626843EA8E6343F00043E6
:10AF200013600120BDE8F0810F4804EB821C03444C
:10AF3000CCF8283040F832704AB900230E4A04EBAE
:10AF40004514E2606360ECE70020BDE8F081D200C8
:10AF500002F1A04202F58012CCF82420C5E7FDF7EB
:10AF6000BBFA00BF3C2E002080001050040010509F
:10AF700044320020FF0F10500001105004F030BA8E
:10AF80008C4608B5114607481A460CF07F034FEA75
:10AF9000DC1C0CEB430C00EB4C1000F04FF80120D4
:10AFA00008BD00BF3C2E002011F07F0205D1002912
:10AFB0000CBF02200120064B9866C909054B01EB26
:10AFC000420003EB40104FF40062002104F00CBA81
:10AFD000002011503C2E002011F07F0300D170475B
:10AFE000002205485B0003EBD11300EB43106FF424
:10AFF0000061C27004F0F8B93C2E00204FF080527E
:10B0000009480A4908B50A4B02600A609968C943B1
:10B0100011F08051FAD14FF48052064804F0D4F96F
:10B020000922054B5A6708BD00200240003002404B
:10B0300000000240000010500000115000234FF0AB
:10B04000010C10B580F81AC08282C38201610446E7
:10B0500004F0D2F920B14FF40032074BC3F890202E
:10B06000204604F0C5F910B10123237710BD204616
:10B07000BDE8104004F0B0B9002011502DE9F041B6
:10B080004FF000081C4D044642462B781B4F1C4EC7
:10B090000DE0336813EB421324D0DB682046984759
:10B0A00008F101082B785FFA88F2934206D39342A5
:10B0B000A2EB0303EDD807EB4313EEE75422002184
:10B0C000104804F081F94FF0FF330E482022041D90
:10B0D0004360C4E90133E360FF21BDE8F04114306F
:10B0E00004F072B94FF0E023D3F8F03DDB0700D550
:10B0F00000BEBDE8F08100BF9A32002014010110AB
:10B10000DC290020AC2B0020704700BF704700BF37
:10B110000020704700207047704700BF704700BF95
:10B12000704700BF704700BF024B5878003818BF07
:10B1300001207047AC2B0020024B1878C0F3800030
:10B14000704700BFAC2B00202DE9F047DFF8E490FA
:10B1500099F80030FF2B55D10D4600293DD0002134
:10B1600054220646294804F02FF90022284C294B86
:10B1700020461A70FCF784FB274B28481C60284C9B
:10B18000FCF78CFB204601F08FFB264A264B14600F
:10B1900023B12648FFF7F4FD254B18604FF0000A55
:10B1A000224C53462278DFF89080214F0DE03A6818
:10B1B00012EB431311D05B687BB198470AF1010A87
:10B1C00022785FFA8AF3934211D89342EFD39B1A05
:10B1D00008EB43135B68002BEFD14FF0E023D3F86B
:10B1E000F03DDB0700D500BE0020BDE8F087294612
:10B1F000304689F80060FFF7D7FD0028EDD03046D3
:10B20000FFF718FE0120BDE8F08700BFAC2B00203F
:10B21000A42B00209C320020002C00207418002059
:10B2200060180020042C002081AD00109A3200200C
:10B23000DC2900207C180020140101102DE9F04FBA
:10B24000DFF8B0928BB099F80030FF2B00F0ED8062
:10B25000A24CA34DDFF898A2DFF89CB22668736970
:10B26000EFF3108272B6D3E8CF0F01210028FAD194
:10B27000C3E8401F0028F6D1BFF35F8FB2613046AC
:10B2800007A901F05BF900237269C2E88F3FB36937
:10B2900083F31088002800F0C8809DF81D30013B22
:10B2A000072B00F26B83DFE803F0A5AF939B8C358F
:10B2B0000A04089B002BD1D009989847CEE79DF847
:10B2C000201001F07F0605EB460000EBD11090F84E
:10B2D000343023F0010380F8343090F8343023F018
:10B2E000040380F83430002E00F0A280027D9AF82A
:10B2F00000309A4280F091807A4B1B6813EB421326
:10B3000000F08C809E699DF82120099B9DF81C000F
:10B31000B047A3E79BF80030002B7FD09BF80030AC
:10B32000013BDBB28BF800309BF8003003F0FF00EC
:10B33000002B93D16A4F9DF81C803B7843F00103AA
:10B340003B7097F8343060F3000387F8343097F897
:10B35000343060F3820387F8343097F8353060F387
:10B36000000387F8353097F8353060F3820387F8AB
:10B37000353000F05BFC9DF8203003F06002602A5D
:10B3800066D0402A76D003F01F03012B00F0B68070
:10B39000022B7BD0002B5BD1202A00F0DB81002A1E
:10B3A00056D19DF82130092B52D8DFE813F0A201C5
:10B3B00094015100B301510087015D015100520118
:10B3C000E5002B78D9077FF549AFFFF7ABFE45E7DE
:10B3D000EB78DA077FF542AF0898FFF797FE3DE775
:10B3E0002B78D8077FF53AAF2878C0F3C000FFF775
:10B3F00097FE33E79DF81C00FFF740FE00F00CFCC1
:10B400009DF82030AB7029E79DF81C00FFF736FE51
:10B4100000F002FCFFF782FE20E711D04FF0E0239E
:10B42000D3F8F03DDC0700D500BE0BB0BDE8F08FCF
:10B43000099B9DF821209DF81C0000F00BFC0DE7F6
:10B44000294B5FE7FFF728FB0246002840F079818F
:10B450004FF0E023D3F8F03DDE0700D500BE9DF8A5
:10B460001C000021FFF7A0FD80219DF81C00FFF7C4
:10B470009BFDF3E61D4800F0D9FB0121404608AAD8
:10B48000FFF76AFC00287FF4E9AEE8E79DF8241096
:10B4900011F0700FDCD101F07F0607EB4600144B72
:10B4A00000EBD1101B78007D7600019698424FEAA0
:10B4B000D11600964FD340F05F810B4E002A00F06A
:10B4C0005F81706900F0B2FB01214046736908AAF0
:10B4D000984700287FF4C2AEC1E700BF042C0020CB
:10B4E000AC2B0020DC2900201401011059AD001004
:10B4F0009A3200207C1800209C3200209DF82430D5
:10B500000F2BACD8AA4A3B441B79127893422DD317
:10B51000A5D1A84E706900F089FB012140467369EE
:10B5200008AA984700287FF499AE9DF8203013F0C0
:10B53000600694D19DF821300A3B012B8FD800F092
:10B5400075FB9DF821300A2B00F0F181404608A9D7
:10B5500000F0F0FA82E6984B1B6803EB4016002AD5
:10B5600000F00E81002E3FF47AAFAAE7924A1668E7
:10B5700016EB4316CED172E77B789DF822609E428F
:10B5800000F04C817B78002B40F0BD817E70002E56
:10B5900000F04281701EC0B2FFF77EFA0346002819
:10B5A00000F05E814278022A40F05A81C17903F1AD
:10B5B0000906C1F340121201C1F3801142EA41129F
:10B5C0003146387820F0300002433A705A88CDF87E
:10B5D00008809A180092009B8B4240F2A3814B781E
:10B5E0000B2B00F0AE814FF0010C042B40F03881A2
:10B5F0000023009A1E46521A92B201926C4ACDF86C
:10B600000CC012781DE06C4A126812EB461800F06C
:10B610002781019A05930298D8F810300491984731
:10B62000059B08280246049903F1010303D90198F8
:10B63000904280F0F8805E4ADEB21278B242C0F0EA
:10B640000F81B242A6EB0202DDD85A4800EB421845
:10B65000DFE77B7840468DF81A300DF11A0201239E
:10B6600008A900F081FAF9E5BDF82200030A013BC0
:10B67000020AC0B20E2B3FF6F2AE01A151F823F040
:10B6800091B8001031B70010CDB800105FB40010B1
:10B690005FB40010AFB8001031B700105FB40010F5
:10B6A0005FB400105FB400105FB400105FB400100E
:10B6B0005FB400105FB4001083B8001008A800F059
:10B6C000BBFA40469DF82210FFF7B8FB3B7843F0E9
:10B6D00002033B70C2E5BDF82230012B7FF4BFAE00
:10B6E0003B78404623F0080308A93B7000F022FA9B
:10B6F000B4E540463B789A0802F00202C3F34013D7
:10B700001343ADF81A300DF11A02022308A900F014
:10B710002BFAA3E5BDF82230012B7FF4A0AE3B78D5
:10B72000404643F0080308A93B7000F003FA95E592
:10B73000022A3FF487AEFFF7EDFC024600283FF4F3
:10B740008EAE4046538808A900F00EFA00287FF418
:10B7500085AD84E69DF824300F2B3FF680AE144A69
:10B760003B441B79127893421DD2134A166816EB9C
:10B7700043167FF4A6AE72E6002A7FF470AE002670
:10B780009DF8212002F0FD03012B17D0002A7FF441
:10B790005FAE019B009A3B44134493F8343040461B
:10B7A000C3F34003ADE77FF45AAE024E89E600BF13
:10B7B0009A32002014010110DC290020BDF822304B
:10B7C000B3B9012A99F8000000F08880FFF7ECFB7C
:10B7D000019B009A3B44134493F8342042F0020248
:10B7E00083F8342093F8342042F0010283F83420A7
:10B7F000002E3FF433AD706900F018FA736901212F
:10B8000008AA40469847002000F010FA97F8353013
:10B81000DF073FF523AD99E6FFF780FC404608A916
:10B8200000F088F91AE5DDF80CC0BCF1010F00F05A
:10B830009D80BCF1000F00F08A80002391F8028007
:10B8400004E00671D8B2844540F2818008EB030021
:10B8500057FA80F090F804E00133BEF1FF0FF0D00A
:10B860004FF0E023D3F8F03DDA0700D500BE4FF0EB
:10B87000E023D3F8F03DDB0700D500BE00237B704A
:10B88000EDE5FFF765FA024600287FF45AAFE6E5DA
:10B89000FFF7FEF8024600283FF4DAAD40461223D7
:10B8A00008A900F061F900287FF4D8ACD7E5FFF7CC
:10B8B0002FFC024600283FF4D2AD4046137808A979
:10B8C00000F052F900287FF4C9ACC8E5BDF8241097
:10B8D000FFF7E6F802460028EFD1C0E50293FFF734
:10B8E0007BFB019A009B3A441A4492F83410029B65
:10B8F00063F3410182F8341092F8341063F30001CD
:10B9000082F8341074E700214046FFF79FFA404662
:10B91000FFF734FBBB7840460093FFF7AFFB009B7B
:10B92000BB7033E6DDF80880FFF7F6FB76E74046AC
:10B93000012308A90DF11A028DF81A6000F014F91C
:10B940008CE40B7891F803C019444B784DE63346EC
:10B950000F480392019100F069FD0E4B01991B788D
:10B96000039AB3421144BFF436AE79E7D8F8100019
:10B97000094B984208BF4FF0020C5EE74FF0E023FE
:10B98000D3F8F03DDB077FF569AC00BE66E400BF8D
:10B99000C02B00209A32002065C000102DE9F84F1E
:10B9A0000A9F002A40D00C461E4615464FF0000A5A
:10B9B000DFF87C90DFF87C8018E0204698F80210D1
:10B9C00099F800B000F002FDE0B121465846FFF7BB
:10B9D00059FAF0B1A2780AF1010AD10916BF0B9BFE
:10B9E0003A701A702278AA4514441DD06278052A4C
:10B9F0000FD1E17801F00301B1420AD1A27812F02F
:10BA0000700FDAD04FF0E023D3F8F03DDA0700D51D
:10BA100000BE4FF0E023D3F8F03DDB0702D4002056
:10BA2000BDE8F88F00BEFAE70120BDE8F88F00BF3F
:10BA30007C180020AC2B002038B58B7813F0700FE9
:10BA400008D04FF0E023D3F8F03DDB0700D500BE6F
:10BA5000002038BD074A084B0C46084691781D78EF
:10BA600000F0B4FC0028ECD021462846BDE8384060
:10BA7000FFF708BAAC2B00207C1800200B46064AC2
:10BA800006481168DA09343203F07F0302EB4303FE
:10BA9000184400F055BC00BF002C0020AC2B002047
:10BAA0000B46064A06481168DA09343203F07F0370
:10BAB00002EB4303184400F06DBC00BF002C0020D3
:10BAC000AC2B002010B5194801F07F0C00EB4C00A6
:10BAD00000EBD11090F834C01CF0010F08D04FF0EB
:10BAE000E023D3F8F03DDA0700D500BE002010BDFA
:10BAF00000F1300494F804C00D484CF0010C0078BB
:10BB000084F804C0FFF73CFA0028F0D14FF0E021A0
:10BB1000227960F300022271227960F3820222719D
:10BB2000D1F8F03DDB07E1D500BEDFE7AC2B00200C
:10BB30007C18002030B50B4C8C46A646054608689C
:10BB400049680023AEE803009CF800102846C9436A
:10BB5000C4E90233BDE830401A4601F08001FFF726
:10BB6000B1BF00BF6C2B00202DE9F041284F4FF0F2
:10BB70000008BE468C46064608684968BA60AEE8CA
:10BB80000300A7F80E801546BCF80620934228BF94
:10BB90001346BB819AB11C4633B3DDB197F900302F
:10BBA000402C28BF4024002B29DB41462346304649
:10BBB000184AFFF787FF68B10120BDE8F0819CF8C3
:10BBC00000101346C943304601F08001FFF77AFFA9
:10BBD0000028F1D14FF0E023D3F8F03DDB0700D58A
:10BBE00000BE0020BDE8F0811A46397801F08001DE
:10BBF00023463046FFF766FF0028DDD1EAE72246FC
:10BC00002946044803F0C8FB8021024AF0E700BF40
:10BC10006C2B00202C2B00200022034BC3E90022B8
:10BC2000C3E902221A6170476C2B0020014B186196
:10BC3000704700BF6C2B002030B40246044C002536
:10BC4000234600685168C4E9025530BC03C37047FD
:10BC50006C2B002070B53D4CC90922780646B1EB2B
:10BC6000D21F1D4682B017D053B14FF0E023D3F856
:10BC7000F03DDB0702D4002002B070BD00BEFAE741
:10BC80002146FFF7F1F823691BB122460321304614
:10BC90009847012002B070BD94F90030002B06DBFC
:10BCA000A0680028E7D02A46294903F075FBE089FF
:10BCB000A168E388284480B229448342E081A160DE
:10BCC00016D03F2D14D9A28994F90040131A9BB2C3
:10BCD000402B28BF4023002C27DB90424FF000016F
:10BCE00031D01B4A3046FFF7EDFE0028D1D1BCE72A
:10BCF000236923B102213046144A984760B1217864
:10BD00000023C94330461A4601F08001FFF7DAFEEE
:10BD10000028AAD00120BDE701463046FFF744F9CC
:10BD200080213046FFF740F9B3E7904208D01A4629
:10BD30000748019303F030FB8021054A019BD1E7BE
:10BD400080210022CEE70A46CCE700BF6C2B002002
:10BD50002C2B00202DE9F0410446FFF7E5F908B946
:10BD6000BDE8F081FFF7E8F905460028F8D1C823BF
:10BD700004FB03F3124EF718F9780029F0D01033C2
:10BD80001E44304600F0C8FB3F28E9D92846F97820
:10BD9000FFF774FE0028E3D0304600F0BDFB3F28DB
:10BDA000F97808D9074A284602EBC4124023BDE8B7
:10BDB000F041FFF787BE2846BDE8F041FFF770BEAF
:10BDC000642A0020E029002010B50446FFF7ACF9F2
:10BDD00008B9002010BDFFF7AFF90028F9D1C8223B
:10BDE000034B02FB0433187900F0010010BD00BFC3
:10BDF000642A0020C82208B5024B02FB003000F084
:10BE000071FB08BD742A00202DE9F8434FF6FF733B
:10BE1000C8249A4228BF1A4600FB04F4DFF8748055
:10BE200004F110054544064692B2284600F0D0FBC6
:10BE30000746FFF779F910B93846BDE8F883FFF7F0
:10BE40007BF981460028F7D1A04498F80330002BF5
:10BE5000F2D0284600F060FB3F28EDD9484698F81C
:10BE60000310FFF70BFE0028E6D0284600F054FB35
:10BE70003F2898F8031007D9054A4846402302EBAB
:10BE8000C612FFF71FFED7E74846FFF709FED3E7C4
:10BE9000E0290020642A00202DE9F0410446FFF744
:10BEA00043F910B90020BDE8F081FFF745F90546D8
:10BEB0000028F7D1C82604FB06F6DFF8648006F1F7
:10BEC00024074744384600F00DFB0028EAD0B04470
:10BED000284698F80210FFF7D1FD0028E2D00F4E57
:10BEE000384606EBC4163146402200F071FB98F844
:10BEF0000210044668B1034632462846FFF7E2FDC9
:10BF000050B94FF0E023D3F8F03DDB07CAD500BEAF
:10BF1000C8E7FFF7C5FDC5E72046C4E7202A002093
:10BF2000642A002038B54FF6FF75C823AA4228BFFF
:10BF30002A460B4C92B203FB00440546204600F013
:10BF400005FC034620461C4600F0CCFA3F2801D8E9
:10BF5000204638BD2846FFF79FFF204638BD00BF6A
:10BF6000882A0020C82208B5024B02FB003000F0EE
:10BF7000D3FA08BD882A0020F0B5002483B0C82277
:10BF80000021174803F020FAFF234FF4E131082283
:10BF9000144804701248009407464371816082730C
:10BFA00000F1380101234022103000F06BFA012328
:10BFB000402207F17801009307F1B80607F1240049
:10BFC00000F060FA07F1C0053046FBF759FC28463F
:10BFD000FBF756FCC7E90746C7E90C5403B0F0BDB0
:10BFE000642A0020602A00200A4A116B136A61B19A
:10BFF0003BB10023C2E90C33D3610023136201205B
:10C0000070470120C2E90C337047002BF7D0D16193
:10C01000F3E700BF642A0020002210B50E4C0F4841
:10C02000237802600271DA0707D59B070BD5BDE8BC
:10C03000104001210A4800F053BC103000F034FCDD
:10C0400023789B07F3D4064800F02EFCBDE810408F
:10C050000121034800F044BC602A0020642A00202B
:10C06000882A0020F0B54B7983B0022B02D18B795E
:10C07000022B03D00025284603B0F0BD274FBB7824
:10C080003BB14FF0E023D3F8F03DDB07F2D500BE23
:10C09000F0E78B7806463B700B78CC186178242942
:10C0A00008BF092507D036E023781C4461782B446B
:10C0B00024299DB207D1AA42F6D20020FFF74AFEFA
:10C0C000284603B0F0BD0B46052916D0042BF4D149
:10C0D00063790A2BF1D1124B277801930133009336
:10C0E000022330461A46E119FFF758FC0028C8D051
:10C0F0000E3517FA85F5ADB2DFE721463046FFF77A
:10C100009BFC0028BDD0A3787B7023785A191C446F
:10C11000637895B2DAE70B460925D5E7642A002053
:10C12000662A0020137803F06003202B08D170B535
:10C13000264C938894F800C09C4503D0002070BD25
:10C14000002070475378203B032BF7D8DFE803F03B
:10C1500027230D0201292ED003291ED11C4BE3B148
:10C1600000205188AFF3008017E0012923D0032974
:10C1700013D15588174805F0010686F00101257195
:10C1800000F0AEFB144B43B131460020C5F3400232
:10C19000AFF3008001E0012911D0012070BD012919
:10C1A0000DD00329F9D10D4B002BF6D000200C49FE
:10C1B000FEF7EEFDF1E71146FFF7BCFCEDE7114697
:10C1C0000723074AFFF7D0FCE7E700BF642A0020F7
:10C1D00000000000882A00200000000091AD00103F
:10C1E0006C2A00202DE9F843354E0C46F2780746BC
:10C1F0008A421D463DD0B3788B4212D04FF0E023E7
:10C20000D3F8F03DDB0732D40020BDE8F8832D4B96
:10C2100023B12D4800F076F900284DD00020FFF71B
:10C2200099FDB378A34201D00120EEE7274B13B16B
:10C230000020AFF300800020FFF72EFE0028F3D18E
:10C24000234800F04FF90028EED1002DECD015F076
:10C250003F05E9D13846B178FFF710FC0028E3D05C
:10C260002B462A463846B178FFF72CFCDCE700BEA7
:10C27000CAE79AB2174906F1100000F067FA164BA8
:10C28000002BC4D07379FF2BC1D0002DBFD0DFF8B5
:10C29000448008EB050902E0C845B8D0737918F866
:10C2A000012B9A42F8D1084800F02CF90028F3D16C
:10C2B0007179AFF30080EFE7AFF30080AEE700BF26
:10C2C000642A002000000000742A00200000000002
:10C2D000882A0020E02900200000000010B582B06C
:10C2E000C9B101280CD80B7853B1144C012B23543D
:10C2F00002D0012002B010BDFEF726FF0028F8D1C1
:10C300004FF0E023D3F8F03DDB0702D4002002B069
:10C3100010BD00BEFAE70124084601A9ADF80440AB
:10C32000FEF712FF38B94FF0E023D3F8F03DDA07FB
:10C33000EDD500BEEBE7014B1C70E8E7A02B002019
:10C34000F8B5037813F001041AD1037805465A07AB
:10C35000C3F3800701D52046F8BD0E464FF0FF31EC
:10C36000304603F02DF82B7813F001040BD12B7815
:10C370005B0709D42B78012443F004032B7003E0FE
:10C3800000242046F8BD3C46304603F021F8204604
:10C39000F8BD00BF70B50C4605464FF0FF31204692
:10C3A00003F00EF82B78C3F380065B0708D52B78D3
:10C3B00013F0010311BF00262A7863F382022A706A
:10C3C000204603F005F8304670BD00BFC378828870
:10C3D00003F003000228C2F30A0215D003280AD092
:10C3E00001281CD1022940F2FF3308BF4FF48063BB
:10C3F00093420DD37047022914BF40234FF480634A
:10C40000934205D30120704702290AD0402AF9D966
:10C410004FF0E023D3F8F03DDB0700D500BE00204D
:10C420007047B2F5007FEDD0F2E700BF0A449142B9
:10C4300026D291F801C0BCF1050F05D091F800C0DB
:10C4400061448A42F5D8704700B591F802C00CF0FB
:10C450007F0E00EB4E0E4FEADC1C0EF80C3091F80C
:10C4600000C061448A4209D991F801C0BCF1050FAE
:10C47000EBD091F800C061448A42F5D85DF804FB26
:10C48000704700BF2DE9F041B2F5004F9DF81880CC
:10C4900024D80446C06817460E461D4618B14FF012
:10C4A000FF3102F08DFF206918B14FF0FF3102F02B
:10C4B00087FF0022C5F30E03E06843EAC8336281B8
:10C4C0002660A780E380228108B102F081FF206905
:10C4D00008B102F07DFF0120BDE8F0810020BDE839
:10C4E000F08100BF038942899BB292B28088934257
:10C4F00036BFC2EB40029B1A9B189BB2984228BFE2
:10C50000184670470289438990B29BB2C01AB0FAAC
:10C5100080F04009704700BF038942899BB2808840
:10C5200092B2934236BFC2EB40029B1A9B189BB259
:10C53000984286BFC01A80B20020704738B50446C2
:10C5400000690D4618B14FF0FF3102F039FF218923
:10C55000638989B29BB2A288994236BFC3EB42007D
:10C56000C81A401880B250B3824209D291422CBFFF
:10C57000891A89188BB29A42638103D89B1A9BB29D
:10C580009A42FBD9E2882168C2F30E0202FB031132
:10C59000284602F001FF6189012589B24B1C9BB23C
:10C5A0009942A2880ED9002302FA05F15B1A9BB2C8
:10C5B0002069638108B102F00BFF284638BD0546AB
:10C5C00063899BB2B3EB420F4FEA4201F0DBEDE728
:10C5D0002DE9F047064600698846914618B14FF0AC
:10C5E000FF3102F0EDFE338974899BB2A4B2B588A5
:10C5F000A34236BFC4EB45071F1BFF18BFB2002F75
:10C600004AD0BD4240D3B94528BFB946A5421FFA1A
:10C6100089F703D8641BA4B2A542FBD9B6F806A0DB
:10C620002B1B31689BB2CAF30E029F42924602FB5B
:10C63000041123D913FB02F31FFA83F94A4640463B
:10C640007D1B02F0A9FE621912FB0AF2316808EBA9
:10C65000090092B202F0A0FE7289B58892B2D31995
:10C660009BB29A421AD96A009B1A9BB230697381B5
:10C6700008B102F0ADFE3846BDE8F087404607FB42
:10C6800002F202F089FEE7E7AB422CBF5B1B5B19AD
:10C690009CB22F467481B6E773899BB2B3EB450F0A
:10C6A0004FEA4502E2DBDFE7F8B50446C0680E4614
:10C6B00018B14FF0FF3102F083FE2589238961898B
:10C6C0009BB289B2A2888B4236BFC1EB42015B1A92
:10C6D0005B189BB29A42ADB208D8E779FF0905D141
:10C6E000E06808B102F074FE3846F8BD954228BFF4
:10C6F0002B4618D39B1A9BB29342FBD2E288206848
:10C70000C2F30E0202FB0300314602F045FE6B1C31
:10C710009BB29D42A28812D9002351005B1A9BB2A2
:10C7200001272381DCE7E2882068C2F30E0205FBC3
:10C730000200314602F030FE0135A288ABB2B3EB05
:10C74000420F4FEA4201EBDBE8E700BF2DE9F04F73
:10C75000174683B0002A75D00646C068894618B1CE
:10C760004FF0FF3102F02CFEF379B6F808807289A1
:10C77000DB09B5881FFA88F892B23CD1904536BFE4
:10C78000C2EB4502A8EB0202424492B2AA425ED238
:10C79000AA1A92B2BA4228BF3A46B6F806B097B281
:10C7A0007B1B08EB070ACBF30E0B9BB21FFA8AFA2E
:10C7B000A845444603D3641BA4B2AC42FBD22D1B54
:10C7C0003068ADB2BD420BFB040057D349460BFBAA
:10C7D00007F202F0E1FDB288D0454FEA420302D8E9
:10C7E000BAEB420F03DBAAEB03031FFA83FA3D46C1
:10C7F000A6F808A02CE0B6F806B0AF42CBF30E0BBB
:10C800002FD2904536BFC2EB4501A8EB020141444F
:10C8100089B2680039447B1B81429BB20DDB02EB7D
:10C82000050A1FFA8AFAAAEB07081FFA88F8424598
:10C8300037D9A8EB00001FFA80F807EB080A1FFAA7
:10C840008AFAB5E71546284603B0BDE8F08F002503
:10C85000F0680028F7D002F0BBFD284603B0BDE821
:10C86000F08F002DF4D07F1B02EB050A0BFB07991C
:10C8700090462F4600231FFA8AFA99E715FB0BF51D
:10C88000ADB22A464946019302F086FD019B30680D
:10C89000E21812FB0BF209EB050192B202F07CFDEB
:10C8A00099E7404584DCC4E710B50446C06818B178
:10C8B0004FF0FF3102F084FD206918B14FF0FF31D5
:10C8C00002F07EFD0023E0686381238108B102F05D
:10C8D0007FFD206908B102F07BFD012010BD00BF83
:10C8E00038B50446C0680D4618B14FF0FF3102F06C
:10C8F00067FD206918B14FF0FF3102F061FDE37967
:10C90000E06865F3C713E37108B102F061FD2069C7
:10C9100008B102F05DFD012038BD00BF20F0030129
:10C9200010F00300C0F1000051F8043B00F1040CCA
:10C930004FEACC0C6FF000021CBF22FA0CF213433A
:10C940004FF0010C4CEA0C2C4CEA0C4CA3EB0C0203
:10C9500022EA030212EACC1204BF51F8043B04306D
:10C96000F4D0C2F1000102EA0102B2FA82F2C2F18D
:10C970001F0200EBD200704711F0FF01034600F0E8
:10C98000030239D08ABB10B501EB012E02680EEB11
:10C990000E4EA2F101338EEA020423EA0203A4F14F
:10C9A000013222EA0402134313F0803F0FD150F802
:10C9B000044F84EA0E0CA4F10133ACF1013223EAF6
:10C9C000040322EA0C02134313F0803FEFD00378F4
:10C9D00023B936E010F8013F002B32D09942F9D14B
:10C9E00010BD8A4228D09A0729D01A7818460133F8
:10C9F000002AF6D110467047CAB90268A2F1013385
:10CA000023EA020313F0803F08D150F8042FA2F16B
:10CA1000013323EA020313F0803FF6D003785BB1C1
:10CA200010F8013F002BFBD17047990705D018463D
:10CA300013F8012B002AF8D170471846DDE7184695
:10CA4000A1E7184610BD00BF2DE9F04780460C460F
:10CA50004548264614F801EB10F80EC01CF0080CEF
:10CA6000F7D1BEF12D0F5BD0BEF12B0F3AD065464A
:10CA700033F010003ED04FF0FF379A46B7FBF3F784
:10CA800003FB07F96FEA0909002630460EE0AEF114
:10CA9000370C63451DDD002E04DBB84202D833D1CC
:10CAA000CC4531DD4FF0FF3614F801EBAEF1300C20
:10CAB000BCF1090FEDD9AEF1410CBCF1190FE6D96B
:10CAC000AEF1610CBCF1190F03D8AEF1570C634500
:10CAD000E1DC731C1CD005B140420AB1F6B911600B
:10CAE000BDE8F08733F0100094F800E0654606F1E9
:10CAF0000204C0D1BEF1300F17D06BBB0A234FF038
:10CB000005091A4F9A46BFE700FB0AC00126CBE78A
:10CB100022233046C8F80030002AE1D0611EDEE74B
:10CB200094F800E00125B41CA2E7207800F0DF00B3
:10CB3000582807D083B908234FF007096FF06047E2
:10CB40009A46A1E7102394F801E04FF00F09023450
:10CB50006FF070479A4697E710234FF00F096FF078
:10CB600070479A4690E700BF3501011099999919CD
:10CB70006AE700BF10B4044C13460A460146206819
:10CB80005DF8044B60E700BF901C002010B4044C1B
:10CB900013460A46014620685DF8044B54E700BF7F
:10CBA000901C0020034B10B50446196800F036FFB6
:10CBB000204610BD901C0020014B186801F056B8AB
:10CBC000901C0020024B0A460146186801F020B86C
:10CBD000901C002010B504460A46C068034901F0C5
:10CBE000E5F92046BDE8104001F040B8F8FC00101F
:10CBF000064B0246064910B51C68E06801F0D6F9FC
:10CC00002046BDE8104001F031B800BF901C002064
:10CC1000F8FC001001F10B03162B2DE9F04F07462D
:10CC200083B023D8102900F2AF8000F097FE1025C2
:10CC300018230220C24E33445C68A3F108029442D8
:10CC400000F077816368384623F00303D4E90212C9
:10CC50002344CA6091605A68083442F001025A6065
:10CC600000F07EFE204603B0BDE8F08F002B23F0DD
:10CC70000705C0F28980A94200F2868000F06EFEAE
:10CC8000B5F5FC7FC0F0B2816B0A00F08180042B07
:10CC900000F27C81AB0903F1390003F1380EC300C7
:10CCA000A74E3344A3F1080C5C68A44507D10DE0FE
:10CCB000002AE16880F237818C450C4606D0636813
:10CCC00023F003035A1B0F2AF2DD7046DFF874824B
:10CCD0003469444500F0EA80636823F0030CACEB50
:10CCE00005030F2B00F39281002BC6E9048880F224
:10CCF0008181BCF5007FD6F804E080F027814FEAFF
:10CD0000DC0301224FEA5C1C013302FA0CF256F8F4
:10CD100033104EEA020E06EBC302083AC6F804E0EE
:10CD2000C4E9021246F83340CC6083104FF0010C86
:10CD30000CFA03FCF44531D81CEA0E0F07D120F0A1
:10CD400003004FEA4C0C04301CEA0E0FF9D006EB3E
:10CD5000C00A8146D646DEF80C300BE05A681C4605
:10CD6000DB6822F00302511B0F2900F31B8100290D
:10CD700080F22F819E45F1D109F101090EF1080ED3
:10CD800019F0030FE7D165E10C233B60002469E74C
:10CD90004FF4007340204FF03F0E81E7B4686368A2
:10CDA00023F00309A945A9EB050302D30F2B00F3D8
:10CDB000A980DFF894B104EB09030820DBF8002018
:10CDC0000093103202EB050801F08CF8D6F8081435
:10CDD0000246013105D008F1FF384142804401EAA2
:10CDE000080841463846019200F0BCFDB0F1FF3F13
:10CDF0008246019A7BD0009B83425AD9B44276D1B5
:10CE0000DBF8041002F1FF3C4144CBF80410D6F8E3
:10CE10000804013000F06B81009BAAEB0303194466
:10CE2000CBF804101AF00703009300F03D81C3F122
:10CE3000080138468A440A44D04408EA0C01521AD0
:10CE400002EA0C01019100F08DFD421C00F06781A7
:10CE5000A0EB0A00019900EB010848F00102C6F8B6
:10CE600008A0B442CAF80420DBF804201144CBF82F
:10CE7000041030D0B9F10F0F40F205816068A9F1BC
:10CE80000C02052322F0070200F0010010430F2AD4
:10CE9000606004EB0200C0E901331CD904F1080111
:10CEA000384600F0B7F9DBF8041014E0D6F804E0D7
:10CEB0003BE7DBF8041002F1FF3C4144CBF80410DF
:10CEC000A5D1009B13EA0C0FA1D109EB0802B068B1
:10CED00042F001024260DBF82C208A42DBF830206D
:10CEE00038BFCBF82C108A4238BFCBF83010B4686A
:10CEF000626822F00302531B0F2B40F3C780954258
:10CF000000F2C480621945F0010543F001030834C2
:10CF100044F8045C3846B260536000F021FD2046BE
:10CF200003B0BDE8F08FA26823443846D1608A6020
:10CF300091E6DC68A3427FF485AE0230C6E600BF0E
:10CF40008018002088180020E01F0020BCF5206F0A
:10CF50004FEA5C226CD3142A00F2B68002F15C0323
:10CF60005B32DB00F118F3580839994203D191E0A4
:10CF70009B68994204D05A6822F003026245F7D8B0
:10CF8000D968C4E902318C60DC60CEE6142B56D936
:10CF9000542B00F2A2802B0B03F16F0003F16E0EF5
:10CFA000C3007DE6D4F808C03846671945F001058E
:10CFB0006560CCF80C30C3F808C041F00103C6E945
:10CFC0000477C7E902887B60A150083400F0C8FCF0
:10CFD00048E622443846516841F00101516054F856
:10CFE000082FD3609A6000F0BBFC3BE6E80805F12F
:10CFF00008031FE6A44438460834DCF8043043F044
:10D000000103CCF8043000F0ABFC2BE6621943F0CE
:10D01000010145F0010538466560C6E90422C2E910
:10D020000288516044F80C30083400F099FC19E68D
:10D030004FEA9C1202F139033832DB0092E703F128
:10D040005C0003F15B0EC3002AE65AF80839534529
:10D0500040F0828010F0030F00F1FF30F5D17368CB
:10D0600023EA0C0373604FEA4C0C0CF1FF329A4236
:10D0700004D393E64FEA4C0C09F104091CEA030FB0
:10D08000F8D0484663E60123CAF80430384600F079
:10D0900067FC7BE692104FF0010C0CFA02F24EEAAC
:10D0A000020EC6F804E06CE70AEB0801384601EA14
:10D0B0000C01521A02EA0C01019100F053FC431CCE
:10D0C0007FF4C6AE0099C8E6542A13D84FEA1C3242
:10D0D00002F16F036E32DB0044E7B3F5AA7F13D889
:10D0E000EB0B03F1780003F1770EC300D8E5C6F827
:10D0F00008A497E6B2F5AA7F19D84FEADC3202F10C
:10D1000078037732DB002DE740F25452934219D86E
:10D11000AB0C03F17D0003F17C0EC300C0E5009B66
:10D120000021A3F108029044A8EB0A0895E640F21A
:10D1300054539A420CD84FEA9C4202F17D037C3250
:10D14000DB000FE74FF47E737F204FF07E0EA7E5E4
:10D150004FF47E737E2205E7736884E72DE9F84378
:10D160000646DFF8AC800820894600F0BBFE054685
:10D17000304600F0F3FBD8F808305F6827F003076B
:10D18000A7F11104A4EB09042C44B4FBF5F4013C11
:10D1900005FB04F4A54208DC0021304600F0E2FB68
:10D1A000D8F808303B44984205D0304600F0D8FB10
:10D1B0000020BDE8F8836142304600F0D3FB013027
:10D1C0000FD03F1B104AD8F80830304647F001070F
:10D1D0005F6013681B1B136000F0C2FB0120BDE8F9
:10D1E000F8830021304600F0BDFBD8F80820831AF0
:10D1F0000F2BDADD43F0010303495360034B1B6837
:10D20000C01A0860D1E700BFE41F0020881C00207E
:10D210008018002000297CD02DE9F0410C46804682
:10D2200000F09CFB764F54F8043CA4F10805BE685E
:10D2300023F0010168184268864222F0030200F0E0
:10D240008380DE0700EB020C426033D454F8084CB4
:10D25000DCF8043007F1080C2D1B214403F0010316
:10D26000AC68644564D0D5F80CE0C4F80CE0CEF8A6
:10D270000840002B00F0818041F001036B600160E9
:10D28000B1F5007F22D2CB080122490901338A403F
:10D2900079680A4357F833107A6007EBC302083AFB
:10D2A000C5E9021247F83350CD604046BDE8F04171
:10D2B00000F056BBDCF80430DB072BD541F001034E
:10D2C000B1F5007F44F8043C0160DCD3B1F5206F78
:10D2D0004FEA512353D28B0903F1390003F138028D
:10D2E000C300F818FB580838984203D161E09B68E6
:10D2F000984204D05A6822F003028A42F7D8D868CC
:10D30000C5E9023085604046DD60BDE8F04100F0CF
:10D3100027BB7047114407F1080C836863453FD071
:10D32000C268DA60936041F001036B606950A7E75F
:10D33000002B5FD10A44D0E90213CB60996042F020
:10D3400001036B60AA50B0E7DB070A4407D454F826
:10D35000083CED1A1A44D5E90213CB60996042F0FB
:10D3600001036B60274BBD601B6893429DD8264B21
:10D3700040461968FFF7F2FE97E71144CDE7142BFA
:10D3800008D9542B1DD80B0B03F16F0003F16E026B
:10D39000C300A6E703F15C0003F15B02C300A0E752
:10D3A00041F00103C7E90455C5E902CC6B6069503F
:10D3B0007BE70121921001FA02F279680A437A6050
:10D3C0009EE7B3F5AA7F06D8CB0B03F1780003F1F3
:10D3D0007702C30085E740F25452934206D88B0C83
:10D3E00003F17D0003F17C02C3007AE74FF47E7302
:10D3F0007E2276E741F001036B60016055E700BFD4
:10D40000801800208C1C0020E01F00202DE9F04F28
:10D4100082468E463F4875461EF801BB10F80B4009
:10D4200014F00804F7D1BBF12D0F5BD0BBF12B0F2B
:10D430006FF0004904BF9EF800B005F1020E33F012
:10D44000100010D1BBF1300F04D0002B5ED10A23A5
:10D450001F4609E09EF8000000F0DF0058284ED07B
:10D46000002B53D108231F460025B9FBF7F62846A9
:10D4700007FB16980EE0ABF1370C63451DDD002D60
:10D4800004DB864202D321D1E0451FDA4FF0FF359D
:10D490001EF801BBABF1300CBCF1090FEDD9ABF1BB
:10D4A000410CBCF1190FE6D9ABF1610CBCF1190FBD
:10D4B00003D8ABF1570C6345E1DC6B1C0AD004B117
:10D4C00040420AB1CDB91160BDE8F08F07FB00C042
:10D4D0000125DDE72223CAF800305AB10EF1FF31F1
:10D4E0004846F0E79EF800B04FF0004905F1020E03
:10D4F0000124A4E74846BDE8F08F8146EEE71023FB
:10D500009EF801B00EF1020E1F46ADE710231F4634
:10D51000AAE700BF35010110242B02D8012B00D04F
:10D5200074E710B500F030F816230360002010BD3A
:10D5300010B5242A084C1346246807D8012A05D0C0
:10D540000A4601462046BDE810405FE700F01CF89F
:10D5500016230360002010BD901C002010B5242A63
:10D56000084C1346246807D8012A05D00A4601460C
:10D570002046BDE8104049E700F006F81623036096
:10D58000002010BD901C0020014B1868704700BFA0
:10D59000901C0020024B01461868FFF73BBB00BF00
:10D5A000901C0020024B01461868FFF733BE00BFF5
:10D5B000901C00202DE9F04F164683B0002900F0A2
:10D5C0009E800C4606F10B05804600F0C7F954F822
:10D5D000040C162DA4F1080920F0030762D81022CC
:10D5E00000231546B542C0F0A280002B40F09F807A
:10D5F000974261DADFF828B309EB0701DBF808305E
:10D60000D1F804C08B4200F097802CF001030B444A
:10D610005B68DB0768D42CF0030C07EB0C03934228
:10D6200045DAC30712D454F8083CA9EB030ADAF828
:10D63000043023F0030084440CEB070B5A4540F3FD
:10D64000FE8007EB000B5A4540F3D480314640463C
:10D65000FFF7E0FA0646002800F0298154F8043C60
:10D66000A0F1080223F001034B44934200F0B18083
:10D670003A1F242A00F2DF80132A00F2B08003460A
:10D680002246116819605168596092689A60214673
:10D690004046FFF7BFFD404600F062F9304603B058
:10D6A000BDE8F08F25F007052A46EB0F9AE71F46E5
:10D6B000D1E90223D3609A60781BD9F8043009EBD2
:10D6C00007020F2803F001031FD83B43C9F80430B9
:10D6D000536843F0010353602646404600F040F98A
:10D6E000304603B0BDE8F08FC307AFD454F8083C10
:10D6F000A9EB030ADAF8043023F00300A1E711468E
:10D7000003B0BDE8F04FFFF785BA2B4309EB0501E5
:10D7100040F00100C9F80430083141F8040C4046DB
:10D72000536843F001035360FFF774FDD4E70C2303
:10D73000C8F800300026D3E72CF0030C05F11001E7
:10D740000CEB07038B4280F29280C0073FF57EAF5F
:10D7500054F8083CA9EB030ADAF8043023F003007C
:10D7600084440CEB070399423FF76BAF3A1F5646D0
:10D77000DAF80C1056F8080F242AC160886000F20D
:10D78000B080132A40F2AB8021681B2ACAF8081027
:10D790006168CAF80C1000F2AB8008340AF110027C
:10D7A0002168116061685160A16891605B1B0AEBA0
:10D7B0000502404643F00103CBF808205360DAF835
:10D7C000043003F001032B43CAF8043000F0C8F81A
:10D7D00086E750F8043C23F003031F446CE72368FA
:10D7E0001B2A03606368436036D804F1080200F125
:10D7F000080346E73A1F5646DAF80C30242A56F852
:10D80000081FCB60996022D8132A1ED923681B2ACF
:10D81000CAF808306368CAF80C303CD808340AF1FA
:10D82000100322681A6062685A60A2689A603446DF
:10D830005F46D14640E7214601F0B6FD27E7D1E932
:10D8400002133A1FCB609960D5E73346E9E72146DA
:10D85000304601F0A9FDEAE7A368242A8360E36863
:10D86000C36028D004F1100200F1100309E75B1B2C
:10D8700009EB05024046264643F00103CBF8082099
:10D88000536054F8043C03F001032B4344F8043C78
:10D8900000F066F824E7A368242ACAF81030E36889
:10D8A000CAF8143010D010340AF11803B9E7404612
:10D8B00000F056F83EE7236904F11802036163693A
:10D8C000436100F11803DCE623691834CAF8183004
:10D8D00054F8043CCAF81C300AF12003A1E7324690
:10D8E0005EE721463046019301F05EFD019B5DE756
:10D8F000A168242ACAF81010E168CAF8141003D0ED
:10D9000010340AF118024BE722691834CAF81820BB
:10D9100054F8042CCAF81C200AF1200240E700BF8A
:10D920008018002030B40478ACB10D7885B18446FD
:10D930000A462B4602E012F8013F2BB19C42FAD175
:10D940001CF8014F002CF3D1ACEB000030BC704749
:10D95000284630BC70472046F8E700BF704700BF3C
:10D96000704700BF38B50022064D044608462A60BD
:10D97000FCF7BAFB431C00D038BD2B68002BFBD052
:10D98000236038BD5021002030B40478C4B10D7834
:10D99000844685B10A462B4602E012F8013F2BB1BE
:10D9A0009C42FAD1ACEB000030BC70471CF8014F30
:10D9B000002CEFD1F6E71CF8014F002CFBD1F1E76A
:10D9C0002046F1E7134B9C4610B503F5806E5CF8DA
:10D9D000083F5C6824F003040F2C2146D4BF0020CC
:10D9E0000120DCF80C309C4507D05A680130DB6818
:10D9F00022F003029C451144F7D10CF1080CE645D6
:10DA0000EFD1054B1A685860521AC3E90814DA615D
:10DA100010BD00BF80180020E41F002070B505462F
:10DA20000B4C08460E46FFF799FFFFF7CBFFAC46BD
:10DA30000FCCACE80F000FCCACE80F0094E803006B
:10DA40008CE803003046FFF78BFF284670BD00BF0F
:10DA5000E41F002080EA010C1CF0030F37D110F006
:10DA6000030C20F0030021F0030150F8042B08BF41
:10DA700051F8043B0ED08CF0030C6FF07F434FEA5B
:10DA8000CC0C23FA0CFC51F8043B42EA0C0243EAAA
:10DA90000C0300BFA2F1013C9A4201BF2CEA020C28
:10DAA0001CF0803F50F8042B51F8043BF2D04FEAB1
:10DAB00002604FEA1222012828BFB0EB036F08BFB3
:10DAC0001B0AF4D003F0FF03000EC01A704710F0D9
:10DAD000030F0AD010F8012B11F8013B012A28BFCF
:10DAE0009A42F4D0A2EB030070474DF8045D50F861
:10DAF000042B01F0030521F0030151F8043B022D32
:10DB000026D04DD822F07F45B5EB132FA2F1013C72
:10DB10002CEA020C0DD11CF0803C08BF51F8043BEC
:10DB20000AD185EA0205B5EB036F0CD150F8042B3E
:10DB3000E8E74FEA13235BE03CF07F4C54D10B78CD
:10DB40004FEA126554E04FEA126503F0FF034FE01D
:10DB50004FEA0245A2F1013C4FEA15452CEA020CBE
:10DB6000B5EB134F18D11CF0803C08BF51F8043BB3
:10DB700007D185EA0205B5EB034F09D150F8042B14
:10DB8000E6E75FEA0C4C2FD10B884FEA12452FE0F5
:10DB90004FEA03434FEA12454FEA134328E000BF20
:10DBA00002F0FF05B5EB136FA2F1013C2CEA020C69
:10DBB0000DD11CF0803C08BF51F8043B0AD185EA26
:10DBC0000205B5EB032F0AD150F8042BE8E74FEA22
:10DBD00013630DE012F0FF0F06D051F8043B4FEA3B
:10DBE000122523F07F4303E04FF0000020BC704774
:10DBF00005F0FF0203F0FF00012828BF904204BF98
:10DC00002D0A1B0AF4D0A2EB000020BC704700BF15
:10DC100070B50C4606461546FFF7A0FE211D0329E8
:10DC20001BD8DFE801F00F1609020E4B30461D60CD
:10DC3000FFF796FE012070BD0B4B30461D60FFF7CD
:10DC40008FFEF7E73046FFF78BFEB5FA85F0400907
:10DC500070BD3046FFF784FEECE73046FFF780FEEC
:10DC6000002070BD8C1C0020E01F0020F8B5044689
:10DC7000FFF774FEFFF7A6FE0C4B0D4A20461E6808
:10DC8000DD691768FFF76CFEE4683A4609492046EB
:10DC900000F08CF932460849204600F087F92A4600
:10DCA00020460649BDE8F84000F080B9E41F002096
:10DCB000102000201CFD001038FD001054FD001045
:10DCC00000207047024A0349034800F0A5BA00BF8C
:10DCD000D81D002001DF0010981C00200C4B41686B
:10DCE000994210B5044601D000F00AF9A168094B29
:10DCF000994202D0204600F003F9E168064B9942B0
:10DD000004D02046BDE8104000F0FAB810BD00BFB6
:10DD1000142000207C200020E420002000207047F8
:10DD20002DE9F8432A4900252A4C04230822DFF86C
:10DD3000B890C4F8381104F15C002946DFF8AC80D3
:10DD4000254F264EE36025606566A561C4E901554F
:10DD5000C4E9045501F038FB214B0822294604F19F
:10DD6000C40063672567C4F8CC50C4F88050E662ED
:10DD7000C4E90749C4E90987C4E91A55C4E91E552D
:10DD800001F022FB04F1680329460822C4F884301C
:10DD900004F59670134BC4F8D850C4F8DC30C4F8BE
:10DDA0003451C4F8E850C4E92298C4E92476C4E99F
:10DDB0003455C4E9385501F007FB04F1D003C4E938
:10DDC0003C98C4E93E76C4F8EC30BDE8F88300BF67
:10DDD000C5DC0010142000203DE0001065E00010BC
:10DDE0000900010012000200D5DF0010FDDF001065
:10DDF000F8B5254B0646D3F83831002B3DD0234FDC
:10DE0000D7E90134013B04D51DE05A1C04F1680434
:10DE100019D0B4F90C50013B002DF6D11C4B08224F
:10DE2000294604F15C006566E3602560A561C4E9EC
:10DE30000155C4E9045501F0C7FAC4E90C55C4E919
:10DE400011552046F8BD3D680DB12F46D8E74FF477
:10DE5000D6713046FEF7DEFE044688B10423056025
:10DE60000C302946254640F8083C4FF4D072A0609B
:10DE700001F0AAFA3C602F46C2E7FFF751FFBEE768
:10DE80000C2338603360DCE714200020D81D00200C
:10DE90000100FFFF436B03B17047044B044AD3F802
:10DEA00038314263002BF7D13AE700BF142000203D
:10DEB000DDDC0010704700BF704700BF024A002041
:10DEC000024900F0A9B900BFD81D0020C1DC001034
:10DED000024A0020024900F09FB900BFD81D00206F
:10DEE0001DDD0010082802D14FF48050704708B59E
:10DEF000FFF74AFB162203464FF0FF301A6008BDB9
:10DF000070B539B106460C4608B1436B83B3B4F91A
:10DF10000C3013B90025284670BD2146304600F06C
:10DF2000A5F8E36A054633B1E16930469847002811
:10DF3000B8BF4FF0FF35A3891B061CD4216B41B13C
:10DF400004F14003994202D03046FFF763F9002301
:10DF50002363616C21B13046FFF75CF900236364F1
:10DF6000FFF7A8FF0023A381FFF7A6FF284670BD97
:10DF7000FFF790FFCBE721693046FFF74BF9DDE76C
:10DF8000024B01461868FFF7BBBF00BF901C002082
:10DF90000CB400B583B004AB53F8042B019300F02C
:10DFA0005DF903B05DF804EB02B070470EB410B534
:10DFB00083B0074C014605AB206853F8042B01934E
:10DFC00000F04CF903B0BDE8104003B0704700BF4B
:10DFD000901C002010B50C46B1F90E1000F06EFF39
:10DFE000002803DB236D0344236510BDA38923F4BC
:10DFF0008053A38110BD00BF002070472DE9F04180
:10E000000C46B1F90C101F460546CB0516460BD43D
:10E0100021F480513B4632462846A181B4F90E10C6
:10E02000BDE8F04100F00CBFB4F90E10022300224D
:10E0300000F02EFFB4F90C10EAE700BF10B50C4653
:10E04000B1F90E1000F024FF421CB4F90C3004D0DA
:10E0500043F480532065A38110BD23F48053A38132
:10E0600010BD00BFB1F90E1000F000BFB1F90C20D7
:10E070002DE9F04116070C4680464ED4496842F41B
:10E0800000630029A38163DDA56A002D42D0002131
:10E0900012F48052D8F80060C8F80010E16964D129
:10E0A00001234046A847451C02466DD0B4F90C3008
:10E0B000A56AE169580705D56368D21A236B0BB1CD
:10E0C000E36BD21A00234046A847431C4FD1D8F82F
:10E0D0000010B4F90C301D2940D8314ACA40D70786
:10E0E0003CD523F40062DD04A2814FF0000262609F
:10E0F0002269226001D5002944D0216BC8F8006054
:10E1000041B104F14003994202D04046FFF782F842
:10E11000002323630020BDE8F0810E69002EF9D0B2
:10E1200092070D680E600CBF4B690023AD1B8B601E
:10E130000BE02B463246E1694046676AB847B0F1CA
:10E14000000CA5EB0C05664406DD002DF1DCE1E7D3
:10E15000E16B002998DCDDE7B4F90C3043F04003B3
:10E160004FF0FF30A381BDE8F081226DA2E7B4F942
:10E170000C300022626023F40062DB04A281226979
:10E180002260BAD52065B8E7D8F80030002B8DD0D2
:10E190001D2B01D0162BDFD1C8F80060BAE700BFF5
:10E1A0000100402010B5044682B008B1436B53B162
:10E1B000B1F90C0008B902B010BD204602B0BDE8AC
:10E1C0001040FFF753BF0191FFF764FE0199EFE79D
:10E1D000A0B138B50C4B04461D680DB16B6B4BB14B
:10E1E000B4F90C0000B938BD21462846BDE83840D6
:10E1F000FFF73CBF2846FFF74DFEF1E7034A04490D
:10E20000044800F009B800BF901C0020D81D002071
:10E21000A5E10010981C00202DE9F8434FF00009FB
:10E22000074688461646D6E90154013D0FD4A38916
:10E23000012B08D9B4F90E3021463846013302D0FB
:10E24000C04749EA0009013D68346B1CEFD13668CC
:10E25000002EE8D14846BDE8F88300BF2DE9F04F15
:10E26000ABB01C4693460291CDE9063018B1436B22
:10E27000002B00F0F2840299B1F90C204B6E95044A
:10E2800005D442F4005223F400538A814B6698046B
:10E2900000F11485029BB3F90C20110740F1EF80C7
:10E2A0001B69002B00F0EB8002F01A020A2A00F032
:10E2B000F5801AAB0DF1680A0D930023CDE90E33FA
:10E2C000089304939BF800305C46DBB1252B19D0F2
:10E2D000254614F8013F0BB1252BF9D1B4EB0B0601
:10E2E00010D00F9B33440F930E9B0133072B0E93DB
:10E2F000CAE900B600F312810AF1080A049B33440C
:10E3000004936B78002B00F012814FF0000304F1AE
:10E31000010B61784FF0FF388DF82F3000239946BC
:10E3200003930BF1010BA1F12003582B00F20C8198
:10E33000DFE813F0EF010A010A01EA010A010A010C
:10E340000A010A010A010A01B401E4010A01BF013C
:10E35000C4010A01DF015900590059005900590050
:10E3600059005900590059000A010A010A010A011D
:10E370000A010A010A010A010A010A0168000A01E8
:10E380000A010A010A010A010A010A010A010A0135
:10E390000A01C3000A010A010A010A010A01540222
:10E3A0000A010A0111040A010A010A010A010A010B
:10E3B0000A010A010A010A010A0147026A000A0168
:10E3C0000A010A0142026A000A010A013A020A012C
:10E3D0002C02C500FA018C020A016B020A01340406
:10E3E0000A010A013604A1F13003002202EB820285
:10E3F0001BF8011B03EB4202A1F13003092BF5D9F5
:10E40000039290E749F0100919F0200F00F01881ED
:10E41000069B073323F007031A46596852F8083B56
:10E4200006920A460029C0F21F81B8F1000FC0F21F
:10E43000278153EA020129F0800940F02181B8F1D7
:10E44000000118BF0121B8F1000F40F01981884682
:10E450009DF82F201AAC0B4643451946B8BF4146DC
:10E46000019112B1019A0132019219F00202059252
:10E4700078D0019A023201920222059272E0029D46
:10E480000798294600F07AFC002840F01784B5F977
:10E490000C2002F01A020A2A7FF40BAF029BB3F998
:10E4A0000E30002BFFF605AF23465A460299079817
:10E4B0002BB0BDE8F04F00F02BBC49F0100919F06B
:10E4C000200200F0AE80069B073323F007031946B5
:10E4D0005A6851F8083B0691002188458DF82F10A5
:10E4E00080F21F831AAC03F00701DB08204643EAE1
:10E4F00042733031D20804F8011D53EA0205F2D10B
:10E50000302903D019F0010F40F012831AAB1B1B06
:10E5100098454246B8BF1A460192A6E70DAA02994D
:10E52000079800F07FFD30B90DF1680AE6E60F9B11
:10E53000002B40F0B983029B9B895B0600F1BE83F0
:10E5400004982BB0BDE8F08F0029F0D0002310AC68
:10E550008DF840108DF82F30012301934FF0000803
:10E56000CDF8148019F08406DDE90E2105D1039859
:10E57000019D451B002D00F300829DF82F0080B106
:10E5800001320DF12F000131CAF80000072A4FF0C7
:10E590000100CDE90E21CAF8040000F32A820AF135
:10E5A000080A059878B101320CA80231CAF80000B7
:10E5B000072A4FF00200CDE90E21CAF8040000F34B
:10E5C00027820AF1080A802E00F04581A8EB030596
:10E5D000002D00F37F8101321944CAF80040072A58
:10E5E000CAF80430CDE90E2100F3B2810AF1080A1D
:10E5F00019F0040F05D0039B019A9C1A002C00F31C
:10E600001D820198DDE903238242ACBF9B181B18D1
:10E610000493002940F0A88100230DF1680A0E93AD
:10E6200050E6069951F8043B069119F010017FF469
:10E6300053AF19F040023FF44FAF9BB20A464BE78D
:10E64000069A19F0100F52F8043B069207D119F000
:10E65000400F04D043F3C0321BB21146E2E6DA1792
:10E6600011460029BFF6E1AE5B424FF02D0162EB8F
:10E670004202B8F1000F8DF82F1001DB29F080095C
:10E680000A2B72F1000180F0B48230339DF82F2004
:10E690000DF167048DF867300123DDE6069B53F822
:10E6A000042B002A039280F23E82039A0693524280
:10E6B000039249F004099BF8001032E65A4612F81A
:10E6C000011B2A2900F00383A1F13003092B00F27A
:10E6D000F9824FF0000808EB880812F8011B03EBE1
:10E6E0004808A1F13003092BF5D948EAE8789346A8
:10E6F00019E649F080099BF8001012E62B239BF8DD
:10E7000000108DF82F300CE649F001099BF800103D
:10E7100007E69DF82F309BF80010002B7FF401AE28
:10E7200020238DF82F30FCE5069A47F63003C049C8
:10E7300049F00209ADF8303052F8043B08910692D6
:10E740000022002188458DF82F10C0F2BA814C4676
:10E75000022153EA020024F0800940F0AC81B8F1B4
:10E76000000018BF0120B8F1000F40F0A48100297B
:10E7700040F09C8114F001038846019300F0B081C1
:10E7800030220DF167048DF86720C1E619F0200FE3
:10E7900000F0D681069B049A1B681A60D2175A6053
:10E7A000069B043306938DE59BF800106C2900F05E
:10E7B000678249F01009B4E549F040099BF8001060
:10E7C000AFE5069B002210AC8DF82F2053F8042BE8
:10E7D000069301238DF840200193BFE649F0100411
:10E7E00014F0200200F07F81069B073323F007031B
:10E7F00019465A6851F8083B0691002188458DF862
:10E800002F10C0F257820121A3E7069D002155F881
:10E81000044B8DF82F10002C00F03A82B8F1000F55
:10E82000C0F2C1814246204600F0C2FD002800F03F
:10E830004382031B23EAE3719DF82F200191002AF4
:10E8400000F02E824FF0000806950BE649F02009F3
:10E850009BF8001065E50398019D451B002D7FF78F
:10E86000B5AE102D734F23DD5046059410269A4601
:10E87000079C02E0103D102D17DD01321031072AF0
:10E88000C0E90076CDE90E2100F10800F2DD0DAA05
:10E890000299204600F0C6FB00287FF44CAE103DE4
:10E8A0001AA8102DDDE90E21E7DC5346059C8246AF
:10E8B00001322944CAF80070072ACAF80450CDE989
:10E8C0000E2100F3CE81A8EB03050AF1080A002D02
:10E8D0007FF781AE102D574F2CDD2846D4462546B4
:10E8E000BA464FF01008079E1F46044602E0103C4F
:10E8F000102C19DD013210314E4B072ACCE90038BB
:10E90000CDE90E210CF1080CF1DD0DAA029930467B
:10E9100000F088FB0DF1680C00287FF40CAE103C71
:10E92000102CDDE90E21E5DC20463B462C465746FF
:10E930000546E24601322944CAF80070072ACAF89F
:10E940000450CDE90E2100F3DD800AF1080A42E609
:10E950000DAA0299079800F065FB00287FF4EBAD43
:10E960000F990DF1680A43E60DAA0299079800F085
:10E9700059FB00283FF450AEDDE5102D2E4F2ADD67
:10E98000D44609969A463E462746079C02E0103D2B
:10E99000102D1BDD013210311023CCF80060072A46
:10E9A0000CF1080C4CF8043CCDE90E21EFDD0DAA6A
:10E9B0000299204600F036FB0DF1680C00287FF428
:10E9C000BAAD103D102DDDE90E21E3DC3C46534687
:10E9D0003746E246099E01322944CAF80070072AE8
:10E9E000CAF80450CDE90E2100F3F4800AF1080AB8
:10E9F000C3E50DAA02990798099300F013FB0028BC
:10EA00007FF499AD0DF1680A099BDDE90E21C8E597
:10EA10000DAA02990798059300F004FB00287FF4E3
:10EA20008AAD0DF1680A059BDDE90E21CBE500BF3B
:10EA300084FD00104802011038020110102C0E9BBA
:10EA4000A84F20DD1025079EDDF8088002E0103C6D
:10EA5000102C18DD01331031072BCAE90075CDE900
:10EA60000E310AF1080AF2DD0DAA414630460DF1D9
:10EA7000680A00F0D7FA00287FF45DAD103C102C36
:10EA8000DDE90E31E6DC01332144072BCAE90074CD
:10EA9000CDE90E317FF7B5AD0DAA0299079800F0C8
:10EAA000C1FA00287FF447AD0F99AAE580461AAC59
:10EAB00003460190D9E401293FF4E2AD02297FF435
:10EAC00011AD1AAC089803F00F011B09415C43EA31
:10EAD0000273120904F8011D53EA0201F3D115E58E
:10EAE0001AAC0B46C1E4069951F8043B069114F0A8
:10EAF00010017FF482AE14F040023FF47EAE9BB270
:10EB00000A467AE60DAA02990798059300F08AFA58
:10EB100000287FF410AD0DF1680A059BDDE90E2198
:10EB200059E54C4615E69BF800100693FFF7F9BB34
:10EB30003023023804F8013C1AAB04461B1AE7E400
:10EB400019F0100F34D119F0400F31D0069B049A00
:10EB50001B681A8024E6644B089319F020022CD01D
:10EB6000069B073323F0070318465A6850F8083B02
:10EB7000069019F0010F3FF4E4AD53EA02003FF4B0
:10EB8000E0AD8DF83110302149F002098DF83010D8
:10EB9000002188458DF82F1093DBD8E54C461FE601
:10EBA000524B0893D9E72046FDF7B8FE034641E6ED
:10EBB000069B049A1B681A60F2E5069850F8043B1D
:10EBC000069019F01000D4D119F04002D1D09BB2B8
:10EBD0000246CEE70DAA02990798099300F022FA9F
:10EBE00000287FF4A8AC0DF1680A099BDDE90E212D
:10EBF000C3E41AAC3E484FF0CC3E99181E46154669
:10EC000041F10001A0FB017C2CF0030707EB9C07FE
:10EC10004FF0050CC91B5B1A62F100070EFB03F2F3
:10EC200000FB0722A3FB00731A4407F001037F08CF
:10EC3000A3FB0C3C59180A2E47EAC27301F13001BC
:10EC400075F100054FEA520204F8011DD5D21AAB46
:10EC50009DF82F201B1BFFF7FFBBFFF71BF9FFF7EA
:10EC60000ABB0DAA02990798059300F0DBF900286A
:10EC70007FF461AC0DF1680A059BDDE90E21A5E486
:10EC80009BF8011049F020090BF1010BFFF749BB7C
:10EC90004346184C0695062B28BF062301935DE4D6
:10ECA0009046CDE905255DE40DAA0299079800F08C
:10ECB000B9F940E4A146E3E44346BBE54FF0FF3336
:10ECC00004933DE493464FF00008FFF72CBB069BEE
:10ECD0009BF80110934653F8048B48EAE8780693B2
:10ECE000FFF71FBB3802011070FD001084FD0010FB
:10ECF000CDCCCCCC98FD001010B4044C13460A4681
:10ED0000014620685DF8044BFFF7A8BA901C00206C
:10ED100070B5ADF58D6D0C4606461AA900910491AB
:10ED2000A18921F00201ADF80C104FF4806102912D
:10ED30000591616E1991E189ADF80E10E1690791B5
:10ED4000616A0991002106916946FFF787FA051E5D
:10ED500007DB69463046FFF725FA002818BF4FF059
:10ED6000FF35BDF80C305B0603D5A38943F04003A3
:10ED7000A38128460DF58D6D70BD00BF38B52F4BB2
:10ED800005460C461B6813B15A6B002A45D0B4F9EE
:10ED90000C30180716D52269F2B113F0010107D023
:10EDA000616900204942A060A1613AB1002038BDEC
:10EDB000980758BF6169A160002AF7D1190638D4B5
:10EDC000104638BDD9062CD55A0712D4226943F013
:10EDD0000803A381002AE0D103F42071B1F5007F7C
:10EDE000DBD02146284600F07FF8B4F90C302269C8
:10EDF000D3E7216B51B104F14002914204D028467F
:10EE0000FEF708FAB4F90C300022226300212269CF
:10EE100023F02403C4E90021D9E71846FFF73AF8A4
:10EE2000B5E7092243F040032A60A3814FF0FF3089
:10EE300038BD43F04003A381F8E700BF901C0020D9
:10EE400038B50C4684461146074D1A460023204625
:10EE500064462B60FBF76CF9431C00D038BD2B686F
:10EE6000002BFBD0236038BD5021002038B5002294
:10EE7000064D044608462A60FBF76AF9431C00D099
:10EE800038BD2B68002BFBD0236038BD50210020FB
:10EE900038B50C4684461146074D1A4600232046D5
:10EEA00064462B60FBF758F9431C00D038BD2B6833
:10EEB000002BFBD0236038BD5021002038B50C4614
:10EEC00084461146074D1A460023204664462B60AF
:10EED000FBF720F9431C00D038BD2B68002BFBD07A
:10EEE000236038BD50210020B1F90C302DE9F041EC
:10EEF0000C46990796B008D504F14303012223601C
:10EF0000C4E9043216B0BDE8F081B4F90E1006462B
:10EF1000002926DB6A4600F095F800281FDB019DDA
:10EF20004FF480684FF4006705F47045A5F500556F
:10EF3000B5FA85F56D0941463046FDF76BFEE8B13F
:10EF4000B4F90C30C4F8148043F0800320602061D1
:10EF5000A3813DBB3B43A38116B0BDE8F081B4F96A
:10EF60000C3013F0800519D04FF0400800253046D2
:10EF700041462F46FDF74EFE0028E1D1B4F90C3092
:10EF80009A05BFD423F0030304F14302012143F0A7
:10EF900002032260C4E90421A381B3E74FF480682F
:10EFA0002F46C8E7B4F90E10304600F061F810B9EA
:10EFB000B4F90C30CEE7A38923F0030343F0010337
:10EFC0001BB2C7E770B50C46B1F90E1096B01546E6
:10EFD00000291E4614DB6A4600F034F800280FDBD7
:10EFE00001994FF480634FF4006001F47041A1F582
:10EFF0000051B1FA81F1490931602B6016B070BD42
:10F00000A18911F0800106D000214023084631601B
:10F010002B6016B070BD4FF48063084631602B60E2
:10F0200016B070BD936810B514461BB9184600237E
:10F03000636010BD00F02EF80023A360002363601E
:10F0400010BD00BF70B50C460346084D0026204693
:10F0500011461C462E60FBF783F8431C00D070BDA0
:10F060002B68002BFBD0236070BD00BF5021002017
:10F0700038B50022064D044608462A60FBF774F8AE
:10F08000431C00D038BD2B68002BFBD0236038BD5B
:10F09000502100209368002B00F0F980B1F90CC0DA
:10F0A0001CF0080F2DE9F04F904683B081460C46C6
:10F0B00031D00B697BB31CF00207D8F8006038D060
:10F0C0000027D4F824B0E169DFF8C4A23D465545D5
:10F0D0002B463A46484628BF5346C5B1D847002874
:10F0E00040F3CB80D8F8083007442D1A1B1AC8F813
:10F0F0000830002B00F0B78055452B46D4F824B0DB
:10F100003A46E16928BF53464846002DE6D1D6E984
:10F1100000750836DBE721464846FFF72FFE00283A
:10F1200040F0B080B4F90CC0D8F800601CF00207C1
:10F13000C6D11CF0010A64D123685746A16818465D
:10F140008B46002F59D01CF4007F00F0B680B942E6
:10F150000A4600F2E2801CF4906F30D021695D1AFB
:10F16000636913EB430348BF01334FEA630B6B1C26
:10F170003B445A465B4501D99B461A461CF4806FB6
:10F1800000F0EA8011464846FDF744FD002800F0F3
:10F19000F9802A462169009000F0FEF8A289009BC0
:10F1A00022F4906242F08002A2815819C4F814B08F
:10F1B000ABEB05053A46BB462361A560206051468E
:10F1C000009200F0F1F8A16823683D46009AA1EB97
:10F1D0000B0100271A44A1602260D8F80830AA4425
:10F1E0005B1BC8F80830002B3DD02368A168B4F938
:10F1F0000CC018468B46002FA5D1D6E900A70836CB
:10F200009DE73846BB463D460097002D41D000287B
:10F2100046D0009AA168AA426369206828BF2A469E
:10F2200003EB010A2169884202D9524500F3858027
:10F23000934275DC5A46E1694846676AB847B0F1BF
:10F24000000A1ADD009BB3EB0A0300930FD00120E4
:10F25000D8F80830D344A5EB0A05A3EB0A03C8F895
:10F260000830002BD1D1002003B0BDE8F08F21463B
:10F270004846FEF797FF0028EAD0B4F90C3043F077
:10F280004003A3814FF0FF3003B0BDE8F08F0020B2
:10F290007047756833460836002DFAD0D3F800B0B1
:10F2A0002A460A21584600F083F8002867D001302A
:10F2B000A0EB0B031A460093ACE722699A4214D3E1
:10F2C0006269BA4211D86FF00043656AE169484645
:10F2D000BB4228BF3B4693FBF2F302FB03F35246CB
:10F2E000A847051EC9DD7F1B77E7B942184628BF2E
:10F2F00039460D4651462A4600F056F8A168236863
:10F30000491B2B44A16023600029ECD121464846CB
:10F31000FEF748FF0028E6D0AFE7BB463A464EE787
:10F320005946019200F040F8019AA36892469B1A50
:10F33000A36023681344236084E75946524600F0D3
:10F3400033F823682146484653442360FEF72AFFDA
:10F3500000283FF477AF90E74846FEF72BF90346C5
:10F3600000287FF422AF21694846FDF753FFB4F926
:10F370000C300C2223F08003C9F800207FE76A1CC0
:10F38000009247E70C22B4F90C30C9F8002076E768
:10F3900000FCFF7F000000005FF800F00115002076
:10F3A0005FF800F0A51400205FF800F0ED150020D4
:10F3B0005FF800F0ED1600205FF800F0F501002086
:10F3C0005FF800F02D0200205FF800F0011400202B
:10F3D0005FF800F0650200205FF800F0A10D00204A
:10F3E0005FF800F03D0500205FF800F05D0D0020A3
:10F3F0005FF800F0290D00205FF800F0010D0020FB
:10F400005FF800F0650400205FF800F0591000205C
:10F410005FF800F0891000205FF800F01101002073
:10F420005FF800F0B90300209185001005850010F9
:10F430003985001021860010718500108984001024
:10F44000B98500107584001035780010BD85001056
:10F45000097C0010D5840010A5850010558500108A
:0CF46000297400105174001011AB001052
:10F47000626F6F74206661696C6564202D2072650F
:10F48000636F76657279207368656C6C206E6F743B
:10F490002079657420696D706C656D656E74656446
:10F4A000000000002573000066775F7072696E745B
:10F4B0006600000066775F6D696C6C697300000020
:10F4C00066775F6D616C6C6F6300000066775F66E6
:10F4D0007265650066775F6C6F6700007270635FCE
:10F4E00072656769737465725F636F6D6D616E6479
:10F4F000000000005B2E5D00257320005B215D0095
:10F500005B785D005250436F7274657820763220CC
:10F510006B65726E656C00007069636F325F7700B7
:10F52000626F6172642025732020686561702025F8
:10F53000752F2575204B422066726565000000001E
:10F5400073746F72616765206D6F756E742066618C
:10F55000696C65640000000073746F7261676520F8
:10F560006D6F756E74656420202575204B42206692
:10F57000726565007265626F6F74696E6700000086
:10F580001B5B324A1B5B48005250436F72746578B4
:10F59000207632202028432B2B292020626F617295
:10F5A000642025730A00000075736167653A207056
:10F5B0007574203C6E616D653E203C6C656E3E004E
:10F5C000626164206C656E67746800006F757420FA
:10F5D0006F66206D656D6F727900000073656E64F3
:10F5E000202575207261772062797465730A0000A6
:10F5F00077726F746500000025732025732028251D
:10F60000752042290A0000004641494C454400004B
:10F6100020205B6170705D00636F6D6D616E64735F
:10F6200020282575293A0A002020252D3130732005
:10F63000257325730A000000202D20007265636C7D
:10F6400061696D65640000004C45414B4544000014
:10F6500075736167653A2072756E203C6170703E0B
:10F66000205B6172675D00006E6F207375636820B8
:10F670006170703A2025730A000000006C6F6164AD
:10F68000206661696C65643A202573257325730AC9
:10F6900000000000272573272072616E2028726504
:10F6A00074202564292C20756E6C6F616465643B41
:10F6B00020686561702025730A00000027257327E4
:10F6C000206C6F616465642C207265676973746572
:10F6D00072656420636F6D6D616E6473202872655E
:10F6E00074202564290A0000202068656170203A92
:10F6F000202575202F202575204B422066726565D8
:10F700000A00000020206469736B203A20257520D0
:10F710004B4220667265650A000000000A74797029
:10F7200065202768656C7027000000007270633EDA
:10F730002000000008200800756E6B6E6F776E3A2F
:10F740002025730A0000000068656C70000000004E
:10F750006C69737420636F6D6D616E64730000007B
:10F760007665720076657273696F6E20616E6420D3
:10F77000626F6172640000006D656D0068656170A4
:10F7800020616E64206469736B2066726565000099
:10F790006C7300006C6973742073746F72656420FD
:10F7A000617070730000000072756E0072756E20DB
:10F7B0003C6170703E205B6172675D007075740023
:10F7C000707574203C6E616D653E203C6C656E3ECC
:10F7D000202075706C6F616420627974657300001D
:10F7E000636C656172000000636C6561722074680F
:10F7F000652073637265656E000000007265626F5C
:10F800006F7400007265737461727420746865208F
:10F810006465766963650000525F41524D5F4E4FEB
:10F820004E450000525F41524D5F3C756E6B6E6FEE
:10F83000776E3E00525F41524D5F52454C3332006D
:10F84000525F41524D5F54484D5F43414C4C000064
:10F85000525F41524D5F414253313600525F415237
:10F860004D5F414253380000525F41524D5F544852
:10F870004D5F4A554D50323400000000525F4152F6
:10F880004D5F54415247455431000000525F415290
:10F890004D5F5052454C333100000000525F4152E1
:10F8A0004D5F54484D5F4D4F56575F4142535F4E39
:10F8B00043000000525F41524D5F54484D5F4D4F31
:10F8C00056545F4142530000525F41524D5F5448CD
:10F8D0004D5F4A554D50313100000000525F41529A
:10F8E0004D5F414253333200756E6B6E6F776E2001
:10F8F0006572726F720000002E7270635F617070CB
:10F900005F686561646572006170705F6D61696EEA
:10F91000000000006F6B0000726561642065727208
:10F920006F7200006E6F7420616E20454C46206639
:10F93000696C65006E6F7420612072656C6F636125
:10F940007461626C65206F626A6563740000000018
:10F950006E6F7420616E2041524D206F626A656344
:10F96000740000006E6F202E7270635F6170705FB4
:10F970006865616465722073656374696F6E000009
:10F980006261642061707020686561646572206DD9
:10F990006167696300000000415049207665727319
:10F9A000696F6E206D69736D61746368000000009B
:10F9B0006E6F206170705F6D61696E2073796D622A
:10F9C0006F6C0000756E7265736F6C766564207382
:10F9D000796D626F6C000000756E737570706F7278
:10F9E0007465642072656C6F636174696F6E00008A
:10F9F00072656C6F636174696F6E206F7574206FD0
:10FA0000662072616E676500746F6F206D616E793C
:10FA10002073656374696F6E7300000020206E6F41
:10FA20002066696C6573797374656D20666F756E99
:10FA3000642C20666F726D617474696E6720257521
:10FA4000204B422E2E2E0A002020286E6F20666941
:10FA50006C6573797374656D290000002F000000D8
:10FA600020202863616E6E6F74206F70656E202F8A
:10FA7000290000002020252D3230732025366C759A
:10FA800020420A00202028656D707479202D2D20D9
:10FA90007573652060707574203C6E616D653E20E5
:10FAA0003C6C656E3E6020746F2075706C6F616495
:10FAB00020616E2061707029000000002A2A2A202F
:10FAC0002573202A2A2A0A0020202020696E20611E
:10FAD00070703A2025730A002020202070632020B7
:10FAE0003D2030782530386C782020206C72202022
:10FAF0003D2030782530386C780A00002020202006
:10FB0000723020203D2030782530386C782020203D
:10FB1000723120203D2030782530386C780A000082
:10FB200020202020723220203D2030782530386C73
:10FB300078202020723320203D2030782530386C0A
:10FB4000780A000020202020707372203D20307839
:10FB50002530386C780A00002020202072657365FB
:10FB60007474696E6720696E2032730A00000000A9
:10FB70002E2E00006C6974746C65667300000000C2
:10FB80002E0000000A2A2A2A2050414E4943202AEA
:10FB90002A2A0A004E6F207370696E6C6F636B7354
:10FBA0002061726520617661696C61626C6500003C
:10FBB0004E6F2075736572204952517320617265D2
:10FBC00020617661696C61626C65000048617264F5
:10FBD0007761726520616C61726D20256420616CB3
:10FBE000726561647920636C61696D656400000011
:10FBF0004861726420617373657274004F7574207C
:10FC00006F66206D656D6F727900000052656C65DE
:10FC100061736500626F6F74325F773235713038AF
:10FC200030000000322E332E300000007270636FFF
:10FC3000727465785F763200417567202032203219
:10FC400030323600666E692B00000000666E690077
:10FC50006E616E00666E692D0000000055534220F3
:10FC6000737464696E202F207374646F7574000060
:10FC700052617370626572727920506900000000F1
:10FC80005069636F00000000426F6172642043445A
:10FC9000430000005265736574000000556E686192
:10FCA0006E646C65642049525120307825780A00D2
:10FCB000657020253032582077617320616C726541
:10FCC00061647920617661696C61626C6500000035
:10FCD00043616E277420636F6E74696E756520785A
:10FCE000666572206F6E20696E6163746976652047
:10FCF00065702025303258004D656D6F7279206136
:10FD00006C6C6F636174696F6E2073746174697376
:10FD1000746963732025730A000000006D61782008
:10FD200073797374656D206279746573203D202545
:10FD30003130750A0000000073797374656D2062BC
:10FD40007974657320202020203D20253130750AEC
:10FD500000000000696E2075736520627974657318
:10FD600020202020203D20253130750A0000000091
:10FD700030313233343536373839414243444546E1
:10FD800000000000303132333435363738396162A3
:10FD90006364656600000000286E756C6C290000C5
:10FDA000A8F4001025020010B4F400104102001065
:10FDB000C0F4001055020010CCF4001059020010DD
:10FDC000D4F400105D020010DCF400108502001075
:10FDD00048F7001050F70010410600100000000026
:10FDE00060F7001064F700107505001000000000B7
:10FDF00078F700107CF70010BD070010000000002D
:10FE000090F7001094F70010B107001000000000F8
:10FE1000A8F70010ACF700109106001000000000D9
:10FE2000BCF70010C0F700108D05001000000000A6
:10FE3000E0F70010E8F70010650500100000000072
:10FE4000FCF7001004F80010450500100000000049
:10FE500014F9001018F9001024F9001034F90010FA
:10FE600050F9001064F9001080F9001098F90010A2
:10FE7000CCF50010B0F90010C4F90010D8F900104A
:10FE8000F0F9001008FA001048415244204641554C
:10FE90004C540000000000000000000000000000C2
:10FEA000FFFFFFFFFFFFFFFF000000006410B71D12
:10FEB000C8206E3BAC30D9269041DC76F4516B6B98
:10FEC0005861B24D3C7105502083B8ED44930FF05A
:10FED000E8A3D6D68CB361CBB0C2649BD4D2D38610
:10FEE00078E20AA01CF2BDBDFFFFFFFFFFFFFF7F0E
:10FEF00006005250D3F075420CFC00100600525020
:10FF0000E182887F14FC001006005250ABB36053AE
:10FF100024FC001006005250BBFF3CB618F5001040
:10FF200006005250861C03022CFC001006005250A2
:10FF30005422A29D38FC001005005250DE65F46882
:10FF4000701F011000000000000000000000F03FE2
:10FF500000000000000024400000000000005940A4
:10FF60000000000000408F40000000000088C340F7
:10FF700000000000006AF8400000000080842E416C
:10FF800000000000D01263410000000084D79741B8
:10FF90000000000065CDCD410D0A00000600525062
:10FFA00053B4F4A15CFC00100000000070FC0010D1
:10FFB00080FC00108832002088FC001094FC0010A7
:10FFC00009025400030100807D080B0002020200B8
:10FFD00000090400000102020004052400200105BC
:10FFE00024010001042402060524060001070581FE
:10FFF0000308001009040100020A000000070502BE
:020000041001E9
:1000000002400000070582024000000904020000CF
:10001000FF00010512011002EF0201408A2E0900C3
:1000200000010102030100000A00000000000306B5
:10003000A6000800020002009C00140003005749BB
:100040004E555342000000000000000000008000F8
:100050000400010028004400650076006900630088
:10006000650049006E007400650072006600610062
:1000700063006500470055004900440000004E0041
:100080007B006200630037003300390038006300F2
:1000900031002D0037003300630064002D00340070
:1000A0006300620037002D0039003800620038001C
:1000B0002D00390031003300610038006600630014
:1000C000610037006200660036007D00000000001D
:1000D000050F2100011C100500DF60DDD88945C730
:1000E0004C9CD2659D9E648A9F00000306A6000179
:1000F0000000000000000000C5AC0010000000007F
:10010000C9AC0010D5AC001001AD0010FDAC001062
:10011000000000000000000079BF0010E9BF0010DF
:1001200019C0001065C0001025C10010E5C1001005
:10013000000000000020202020202020202028284F
:100140002828282020202020202020202020202097
:1001500020202020208810101010101010101010D7
:100160001010101010040404040404040404041007
:100170001010101010104141414141410101010195
:10018000010101010101010101010101010101015F
:10019000101010101010424242424242020202026B
:1001A000020202020202020202020202020202022F
:1001B00010101010200000000000000000000000DF
:1001C000000000000000000000000000000000002F
:1001D000000000000000000000000000000000001F
:1001E000000000000000000000000000000000000F
:1001F00000000000000000000000000000000000FF
:1002000000000000000000000000000000000000EE
:1002100000000000000000000000000000000000DE
:1002200000000000000000000000000000000000CE
:1002300000000000000000002020202020202020BE
:10024000202020202020202030303030303030302E
:08025000303030303030303026
:08025800FCD7FF7F010000004C
:10026000F0FE0010FCFE001008FF001014FF00104C
:1002700020FF00102CFF001038FF00109CFF001022
:10028000034600B50268EFF3108C72B6D2E8CFEFE8
:100290000120BEF1000FF9D1C2E84E0FBEF1000FF0
:1002A000F4D1BFF35F8F93F90420002A0ADB01B178
:1002B0000A60002000221B68C3E88F2F8CF310888F
:1002C0005DF804FB4FF05042126801201A71F1E70B
:1002D0004FF050412DE9F8430027044616461D46CD
:1002E000DFF87C90D1F800802168EFF3108372B6BC
:1002F000D1E8CF0F01220028FAD1C1E8402F002811
:10030000F6D1BFF35F8F94F90410226800291CDB3B
:1003100099F800C05FFA8CFCC2E88F7F83F31088E5
:1003200099F80030634508D03046294601F0F0FACC
:100330000028D9D00020BDE8F88320BF30462946E8
:1003400001F0E6FA0028CFD0F4E7002184F8048019
:10035000C2E88F1F83F310880120BDE8F88300BF37
:10036000A032002070B582B001A9064615461C4691
:10037000FFF786FF38B94FF050439DF9042093F9F9
:1003800000309A4201D102B070BD2A462346304661
:1003900002B0BDE87040FFF79BBF00BF70B50546D7
:1003A0000C4601F0BDFA02460B464FF47A704FF04E
:1003B000FF3E6FF0004CE4FB002396457CEB03010D
:1003C00038BF72462846BDE8704038BF6346FFF725
:1003D0007FBF00BF0368EFF3108172B6D3E8CFCFC1
:1003E0000122BCF1000FF9D1C3E84C2FBCF1000F82
:1003F000F4D1BFF35F8F4FF0FF0C074A80F804C0C1
:1004000013780133DBB2137000230268C2E88F3F18
:1004100081F3108840BF7047A032002010B40A4C0E
:1004200023786BB9094BC3F1804103F5807001F566
:100430006021CA5843F8042F8342FAD10123237064
:100440005DF8044B704700BF9D320020C42C002093
:10045000004B1847C92C0020034B1A6A02609A6AA5
:1004600042605B6A8360704700000D4008B500235E
:100470004021DB8A44F246409847006808BD00BF2F
:1004800010B5044600F00AF9084B20465A68E260AD
:100490009A682261DA6862611A69A2615A69E26146
:1004A0009B692362BDE81040FFF7D6BF00000440FF
:1004B00010B50446FFF7DAFF1CB10088C0F3033023
:1004C00010BD0A2010BD00BF0C4B1B6803B11847BC
:1004D00010B504460120FFF7EBFF38B92268084B3E
:1004E0001A6262689A62A2685A6210BD4FF4805123
:1004F0004AF20202024BD9621A6310BD7032002028
:1005000000000D40C168074A51600169916041696E
:10051000D16081691161C1695161036A9361FFF71B
:10052000D3BF00BF000004402DE9F0434318B3F5EA
:10053000800F8BB04BD8002304460D46DA8A002387
:1005400043E800F35E0254BF1021042144F24960E5
:10055000904700238146DA8A002343E800F35802DB
:1005600054BF1021042145F64500904700238046E2
:10057000DA8A002343E800F3590254BF1021042112
:1005800044F25250904700230746DA8A002343E89A
:1005900000F35B0254BF1021042144F2463090471F
:1005A0000646FFF73BFF01A8FFF76AFFC847C047B1
:1005B000D8234FF4803229462046B847B047FFF78A
:1005C00047FF01A8FFF79EFF0BB0BDE8F08301F0E5
:1005D00097F900BF2DE9F0478318B3F5800F8AB073
:1005E0004AD80023154604460E46DA8A002343E81B
:1005F00000F35F0254BF1021042144F24960904788
:1006000000238246DA8A002343E800F3580254BFED
:100610001021042145F64500904700238146DA8ADF
:10062000002343E800F3590254BF1021042145F28E
:100630005200904700238046DA8A002343E800F303
:100640005B0254BF1021042144F246309047074614
:10065000FFF7E4FE01A8FFF713FFD047C8472A467B
:1006600031462046C047B847FFF7F2FE01A8FFF722
:1006700049FF0AB0BDE8F08701F042F90144884221
:1006800006D2002302F1C052135408308142FBD835
:10069000BFF34F8FBFF36F8F704700BF01224FF43E
:1006A00080410148FFF7EABF00C0FF03002108B501
:1006B000134B4FF4707299601248D96019615961F7
:1006C0009961D961196259629962D9621963596352
:1006D0009963D963196459649964D9641965596532
:1006E0009965D965196659669966D9661967596712
:1006F0009967D96700F03CFF034B044A1A6008BDB4
:10070000000010507C2E0020443200208001105048
:100710002DE9F04F1F4B85B0D3F858A0BAF1000F68
:1007200022D0002401254FF4E069DFF870801A4FD1
:1007300001E0202C18D00AEA0502611C2346AB46D2
:10074000CCB26D00002AF4D004F0010203F0FE06E2
:10075000164407EB46163046C8F858B000F00AFCBD
:1007600028B93AEA0B0AE4D105B0BDE8F08F0023BE
:100770008DF80930B37801A88DF80830F38A01218B
:10078000ADF80490039300F013FC304600F098FBA2
:10079000E7E700BF000011503C2E00200030115050
:1007A000F0B5BB4B85B0D3F8985015F4003674D033
:1007B000B84BB94C996A94F83B30B84A022B116097
:1007C00000F0D480002694F87B30022B00F03B81AF
:1007D00094F8BB30022B00F07D8194F8FB30022BA3
:1007E00000F06C8194F83B31022B00F0448194F8C6
:1007F0007B31022B00F0338194F8BB31022B00F0E7
:10080000B68194F8FB31022B00F0A68194F83B32BC
:10081000022B00F0968194F87B32022B00F0868147
:1008200094F8BB32022B00F0768194F8FB32022B55
:1008300000F0668194F83B33022B00F0568194F867
:100840007B33022B00F0A48094F8BB33022B00F022
:10085000998194F8FB33022B00F0B4803EB9904BA1
:100860001B7823B94FF400328E4BC3F890204FF41D
:100870004072874B01219B6C01A8C3F30A03ADF8BA
:100880000420029300F094FBEA064FF40036864CF5
:1008900007D5FFF73DFF264603E0EA064FF01004B8
:1008A000F7D4EB0322D57C4C46F48036A37E002B94
:1008B00040F09980012394F83A20E370002A40F038
:1008C000AD8001234FF4C061784A84F82330ADF83D
:1008D000041092E8030004AA02E90300194601A8E3
:1008E00000F066FB4FF400326E4B1A65E90408D441
:1008F0006A041DD42B042AD4AE4240F0C58105B051
:10090000F0BD0024624B46F480561C60FFF7CEFE1B
:100910004FF48073012101A8ADF804308DF8084030
:1009200000F046FB4FF400225E4B1A656A04E1D5E5
:100930004FF48063012101A8ADF8043000F038FBCA
:100940001022584B46F480461A652B04D4D54FF438
:10095000A063012101A8ADF8043000F029FB4FF499
:100960000062504B46F400461A65C5E794F83A60B9
:10097000002E3FF428AF94F83C30002B3FF423AF17
:10098000002304F1200084F83C3000F0C1FA1AE79B
:1009900094F87A73002F3FF457AF94F87C33002B10
:1009A00040F0648194F8BB33022B40F0F48094F85B
:1009B000BA33002B40F0EB8094F8FB33022B7FF42A
:1009C00056AF3E4694F8FA33002B3FF447AF94F805
:1009D000FC33002B3FF44BAF0023354884F8FC3345
:1009E00000F096FA43E70221324B294A1966536E0A
:1009F0009F07FCD54FF440520021274800F066FACB
:100A0000254800F05DFA0222264B5A661A66012339
:100A100094F83A20E370002A3FF453AF254A136656
:100A2000A2F50052536ED807FCD54FF44052002176
:100A3000214800F04BFA204800F042FA0122194BFD
:100A40005A661A663DE794F87A70002F3FF4C0AEFC
:100A500094F87C30002B40F001813E46B8E694F8D3
:100A60007A71002F3FF4C8AE94F87C31002B40F02F
:100A7000ED803E46C0E694F83A71002F3FF4B7AEE1
:100A800094F83C31002B40F0D9803E46AFE600BFE1
:100A90000000115000000B403C2E00202C2E0020A6
:100AA0009B32002000301150100002000000105056
:100AB0001C320020002011505C2E002094F8FA70A7
:100AC000002F3FF48FAE94F8FC30002B40F08E8066
:100AD0003E4687E694F8BA70002F3FF47EAE94F855
:100AE000BC30002B7AD13E4677E694F83A73002F5B
:100AF0003FF4A5AE94F83C33002B57D13E469EE61A
:100B000094F8FA72002F3FF495AE94F8FC32002B63
:100B10005CD13E468EE694F8BA72002F3FF485AE63
:100B200094F8BC32002B49D13E467EE694F87A72A6
:100B3000002F3FF475AE94F87C32002B76D13E4600
:100B40006EE694F83A72002F3FF465AE94F83C32AA
:100B5000002B63D13E465EE694F8FA71002F3FF415
:100B600055AE94F8FC31002B50D13E464EE694F839
:100B7000BA71002F3FF445AE94F8BC31002B3DD143
:100B80003E463EE694F8BA33002B3FF462AE94F84A
:100B9000BC33002B71D194F8FB33022B7FF467AE8A
:100BA00094F8FA33002B3FF462AE10E70023394883
:100BB00084F83C333E4600F0ABF940E6002336486B
:100BC00084F8BC323E4600F0A3F92EE600233348F9
:100BD00084F8FC323E4600F09BF92BE600233048B7
:100BE00084F8BC303E4600F093F9F6E500232D482A
:100BF00084F8FC303E4600F08BF9F3E500232A48E8
:100C000084F8BC313E4600F083F9FAE5002327481A
:100C100084F8FC313E4600F07BF9F7E500232448D8
:100C200084F83C323E4600F073F9F4E50023214895
:100C300084F87C323E4600F06BF9F1E500231E4853
:100C400084F83C313E4600F063F9D0E500231B48B0
:100C500084F87C313E4600F05BF9CDE5002318486E
:100C600084F87C303E4600F053F9B1E50023154886
:100C700084F87C3300F04CF994E60023124884F8A1
:100C8000BC3300F045F986E7104886EA050100F01C
:100C90003BFE00BF5C310020DC3000201C31002016
:100CA000DC2E00201C2F0020DC2F00201C30002018
:100CB0005C3000209C3000205C2F00209C2F002006
:100CC0009C2E00209C310020DC3100209CFC001078
:100CD0002DE9F047848A058BC278A54228BF2546B6
:100CE000171E18BF0127641B467882F00102A4B2C8
:100CF0000346C270848245F4806040EA4730A6BB58
:100D0000D3E903266F1E02EB811E55B3052F98BF52
:100D1000721C31D902EB811C721CACEB0204022C58
:100D20002AD932464FEA95094FEA890A06EB890823
:100D300052F8044B42454CF8044BF9D15545A7EB0A
:100D40000A070EEB0A040AD016F829600EF829608B
:100D50002FB15678012F667001D09278A2701E696B
:100D60009C8A2E441E6140F400400CB940F480403F
:100D700001B10004BDE8F0870EF1FF3E2E4400E013
:100D8000013212F8014CB2420EF8014FF8D1E6E7F9
:100D900083680246186801B1000C5378C0F309005B
:100DA000002B3CD02DE9F041D2E90334461E03EB81
:100DB000811E40B3052E3BD989014D1C1D44651B86
:100DC000022D35D97346214600F47F774FEA90080B
:100DD000FD1853F804CBAB4241F804CBF9D1B8422B
:100DE000A6EB070604EB07030EEB07010AD01EF87B
:100DF000285004F828502EB14C78012E5C7001D098
:100E0000897899701469D38A04440344D382138B7C
:100E10001461834284BF00239382BDE8F081D38AAA
:100E20000344D382138B834284BF00239382704791
:100E3000013C0EEB00011EF8013B714504F8013F37
:100E4000F9D1DFE710B50446836800211B68FFF77E
:100E50009FFF63681B685B0002D5238B834200D031
:100E600010BD2046BDE810400121FFF791BF00BF33
:100E7000084B1B6C13F0020302D18278D20901D116
:100E800000207047C07EA0F10200B0FA80F0400957
:100E9000704700BF0000115008B5FFF7E9FF50B1DF
:100EA000054A064B906A1B68A0F54870C01AC62810
:100EB0008CBF0020012008BD00000B402C2E00201C
:100EC0000023C0E904338376704700BF10B5836800
:100ED00009B11C68214082B1114352050DD51A6831
:100EE00054050CD4084A21F480641C60126C9207EB
:100EF00003D40C23033BFDD28368196010BD8178B5
:100F0000024800F001FD00BF00001150B0FC0010CD
:100F100030B54368002183B004461D68FFF7D8FE52
:100F2000134B40F48052196CA37889070ED55B06E9
:100F30000ED025F0A04545F00055002120466368FD
:100F40001D6003B0BDE83040FFF7C0BFDB09F0D043
:100F5000A38A002BEDD0012120460192FFF7B8FEB5
:100F6000019A25F00055024345F0A045E5E700BF92
:100F70000000115038B5857E044695B1FFF762FF39
:100F8000A38A0BB9284638BD2046FFF785FF20B15C
:100F9000012323770025284638BD2046FFF7B8FFF8
:100FA000F8E78178014800F0AFFC00BFD0FC0010EA
:100FB0002DE9F04343780446023B0D4685B0042BEF
:100FC00013D8DFE803F00348677042000021784B34
:100FD0001A7822F001021A701A7822F002021A70AE
:100FE00059701A7861F382021A70724B1E68736925
:100FF000EFF3108272B6D3E8CF0F01210028FAD1A7
:10100000C3E8401F0028F6D1BFF35F8FB2612146CD
:10101000304600F071FC00237269C2E88F3FB3696B
:1010200083F3108848B94FF0E023D3F8F03DDB0795
:1010300008D500BE05B0BDE8F0832A466178207867
:1010400000F06AFC05B0BDE8F0835B4A1378013319
:10105000DBB21370C9E74FF00009584E4B463178A8
:10106000DFF86081564F0FE03A6812EB431305D06A
:10107000DB691BB1616820789847317809F1010973
:101080005FFA89F38B4217D89942EDD85B1A08EBC7
:101090004313EDE7464B1A78D707D3D51A7842F0B9
:1010A00004021A70A1E7424B1A78D607CAD51A78FB
:1010B00022F004021A7098E73D4E3378580737D46F
:1010C000F378DA07BED5032300273A4A2178166859
:1010D00062688DF804108DF805307369CDF80670DC
:1010E000CDF80A70ADF80E700292EFF3108272B66E
:1010F000D3E8CF0F01210028FAD1C3E8401F002810
:10110000F6D1BFF35F8F3046B26101A900F0F4FB66
:101110007369C3E88F7FB36983F31088002882D096
:101120002A469DF805109DF8040000F0F5FB89E7BC
:1011300033784FF0000823F00403337005231D4A71
:101140008DF8053017682278ADF80E808DF80420F0
:101150007B69CDF80680CDF80A80EFF3108272B675
:10116000D3E8CF0F01210028FAD1C3E8401F00289F
:10117000F6D1BFF35F8F3846BA6101A900F0BCFB1E
:101180007B69C3E88F8FBB6983F3108838B94FF050
:10119000E023D3F8F03DD90792D500BE90E72A4668
:1011A0009DF805109DF8040000F0B6FB88E700BF2D
:1011B000AC2B0020042C00209C3200209A3200200E
:1011C000DC2900201401011053B94AB9002908BFD5
:1011D00000281CBF4FF0FF314FF0FF3000F0C6B9C0
:1011E000ADF1080C6DE904CE00F01AF8DDF804E06A
:1011F000DDE9022304B07047430803F05533C01AF9
:10120000830800F0333003F03333184400EB101040
:1012100000F00F3000EB002000EB0040000E7047A4
:101220002DE9F04F8C46099E04460F46002B48D10D
:101230008A4215465ED9B2FA82F33BB1C3F120026D
:101240009F409D409C4020FA02F217434FEA154E02
:101250001FFA85FC220CB7FBFEF10EFB117701FB98
:101260000CF042EA0742904207D9AA1801F1FF3771
:1012700002D2904200F258813946121AA4B2B2FB4F
:10128000FEF00EFB102200FB0CFC44EA0244A445D5
:101290000BD92C1900F1FF322CBF01270027A445E0
:1012A00002D9002F00F04381104640EA0140A4EB30
:1012B0000C0400211EB1DC400023C6E90043BDE858
:1012C000F08F8B4206D90EB1C6E900010021084615
:1012D000BDE8F08FB3FA83F1002951D16345C0F026
:1012E0001681824240F213810846002EE7D0C6E9FB
:1012F0000047E4E7002A00F0AF80B2FA82F3002B47
:1013000040F0C2808A1A4FEA154EAFB20121200C7C
:10131000B2FBFEFC0EFB1C2240EA024207FB0CF073
:1013200090420ED9AA180CF1FF382CBF4FF00109DA
:101330004FF00009904203D9B9F1000F00F0F0809E
:10134000C446121AA4B2B2FBFEF00EFB102200FB40
:1013500007F744EA0244A7420ED92C1900F1FF32E4
:101360002CBF4FF0010E4FF0000EA74203D9BEF183
:10137000000F00F0D2801046E41B40EA0C4099E7D1
:10138000C1F120058B400CFA01F400FA01F922FAB0
:1013900005F72CFA05FC8A401F4320FA05F3380CA8
:1013A00023431FFA87FE1C0CBCFBF0F800FB18CC93
:1013B00044EA0C4408FB0EFCA4450ED93C1908F184
:1013C000FF3A2CBF4FF0010B4FF0000BA44503D99F
:1013D000BBF1000F00F0B880D046A4EB0C041FFA5C
:1013E00083FCB4FBF0F300FB134403FB0EFE4CEA5A
:1013F0000444A6450ED93C1903F1FF302CBF4FF031
:10140000010C4FF0000CA64503D9BCF1000F00F011
:101410009F80034643EA0840A4EB0E04A0FB02ECC5
:1014200064457346E04602D307D1F14505D2BEEBD1
:1014300002036CEB070C0138E0465EB1B9EB030226
:1014400064EB080404FA05F522FA01F3CC401D43CD
:10145000C6E90054002132E742082F464B08AC464B
:1014600042EAC172AE46C407110C92B241EA03418E
:1014700042EA0142B1FBF5F1B3FBF5F01F23A2EB09
:101480000C0241EA004142E79D40C3F1200299402D
:101490009C402CFA02FC4FEA154E20FA02F2AFB241
:1014A000BCFBFEF80A430EFB18CC110C41EA0C41C0
:1014B00008FB07FC8C4550D9691808F1FF302CBF98
:1014C0004FF001094FF000098C4502D9B9F1000F26
:1014D00030D0A1EB0C01B1FBFEF808FB07FC0EFBC2
:1014E000181192B242EA0142624534D2AA1808F1B8
:1014F000FF312CBF4FF001094FF000096245BED209
:10150000B9F1000FBBD1A8F102012A44B7E7841A50
:101510006CEB030201201746E7E62C4402382BE768
:10152000ACF1020C2A440CE702392A44A5E62C440B
:101530000238BAE6A5EB0C0CA8F102006144B1FB3D
:10154000FEF808FB07FCCAE7A8F102083C4444E7A0
:10155000023B3C445EE7414691E7A1EB0C0140466B
:10156000B1FBFEF808FB07FCB9E700BF704700BFFE
:1015700070B5860747D0541E002A3ED0CAB2034633
:1015800001E0013C39D303F8012B9D07F9D1032C6D
:101590002CD9CDB20F2C05EB052505EB054535D92A
:1015A000A4F1100C03F1100E1A462CF00F064FEAAE
:1015B0001C1CB644C2E90055C2E9025510327245FE
:1015C000F8D10CF1010214F00C0F04F00F0C03EB36
:1015D000021213D0ACF1040323F0030304331344C9
:1015E00042F8045B9342FBD10CF003042CB1C9B266
:1015F0001C4403F8011BA342FBD170BD6446134693
:10160000002CF4D1F9E703461446C0E71A46A44675
:10161000E0E700BF032A30B415D941EA000484464C
:101620000B46A40704D0541E0FE0043A032A08D93D
:101630001946604653F8044B5CF8045BA542F4D0AD
:10164000F1E760461946541E7AB1431E013902196A
:1016500001E09A4209D013F8010F11F801CF60455B
:10166000F7D0A0EB0C0030BC7047002030BC7047B6
:10167000844641EA000313F0030349D1403A23D3DF
:101680000B6803604B6843608B688360CB68C36002
:101690000B6903614B6943618B698361CB69C361EA
:1016A0000B6A03624B6A43628B6A8362CB6AC362D2
:1016B0000B6B03634B6B43638B6B8363CB6BC363BA
:1016C00040304031403ADBD230320BD30B680360FC
:1016D0004B6843608B688360CB68C3601030103107
:1016E000103AF3D20C3205D351F8043B40F8043BD6
:1016F000043AF9D2043208D0D2071CBF11F8013BDA
:1017000000F8013B01D30B8803806046704700BF9F
:10171000082A13D38B07B1D010F00303AED0C3F166
:101720000403D21ADB071CBF11F8013B00F8013B90
:10173000A4D331F8023B20F8023B9FE7043AD9D307
:10174000013A11F8013B00F8013BF9D20B78037024
:101750004B7843708B7883706046704788420ED90F
:101760008B1883420BD900EB020C002A6ED0624624
:1017700013F801CD994202F801CDF9D170470F2A33
:101780000FD8034602F1FF3C002A5FD00CF1010C98
:10179000013B8C4411F8012B614503F8012FF9D16D
:1017A000704740EA01039B0751D1A2F1100301F1F8
:1017B000200C70B523F00F0501F1100E00F110049C
:1017C0001B09AC445EF8105C0EF1100E103444F8A6
:1017D000205C5EF81C5C44F81C5C5EF8185C44F805
:1017E000185C5EF8145CE64544F8145CEAD10133F9
:1017F00012F00C0F02F00F0C01EB031100EB0313BE
:1018000029D0ACF1040C1C1F8E462CF003064FEAC5
:101810009C0C1E445EF8045B44F8045FB442F9D1AA
:101820000CF1010402F0030203EB840301EB8401D9
:1018300002F1FF3C4AB10CF1010C013B8C4411F860
:10184000012B614503F8012FF9D170BD704702F1FA
:10185000FF3C03469AE76246EAE700BF5FFA81FC75
:10186000810744D00346511E22B909E09A0709D0E6
:10187000013905D31846013302786245F6D1704725
:1018800000207047184603290CD80029F8D00346D9
:10189000014401E08B42F3D0184613F8012B624556
:1018A000F8D1704710B50CEB0C24024604EB04444D
:1018B00002E00439032915D9104652F8043B63406D
:1018C000A3F1013E2EEA030313F0803FF1D003465B
:1018D000014401E08B4208D0184613F8012B624501
:1018E000F8D110BD10460029F1D1002010BD1146DD
:1018F000C9E700BF000000005FF800F0A9C60010B3
:101900005FF800F0D98400105FF800F0E972001071
:101910005FF800F02D8000105FF800F009B10010B2
:101920005FF800F049810010E5890010C1890010BE
:101930001000000000000000000001000000000096
:101940000000000000000200000000000000000095
:101950000000030000000000000000000000040080
:101960000000000000000000000005000000000072
:10197000000000000000FF000000000001B5486802
:1019800001318E460047704609380149884701BD3C
:101990002D77001000000000FFFFFFFFFFFFFF7F1B
:1019A0000000000000000000000000000000000037
:1019B00000000000581E0020D5A7001081A70010CD
:1019C000F9A6001069A60010000000000001000048
:1019D000082C002010000C00000000000000000097
:1019E000000000000000000000000000FF000000F8
:1019F0000000000000000000801800208018002077
:101A000088180020881800209018002090180020C6
:101A10009818002098180020A0180020A018002076
:101A2000A8180020A8180020B0180020B018002026
:101A3000B8180020B8180020C0180020C0180020D6
:101A4000C8180020C8180020D0180020D018002086
:101A5000D8180020D8180020E0180020E018002036
:101A6000E8180020E8180020F0180020F0180020E6
:101A7000F8180020F8180020001900200019002094
:101A80000819002008190020101900201019002042
:101A900018190020181900202019002020190020F2
:101AA00028190020281900203019002030190020A2
:101AB0003819002038190020401900204019002052
:101AC0004819002048190020501900205019002002
:101AD00058190020581900206019002060190020B2
:101AE0006819002068190020701900207019002062
:101AF0007819002078190020801900208019002012
:101B000088190020881900209019002090190020C1
:101B10009819002098190020A0190020A019002071
:101B2000A8190020A8190020B0190020B019002021
:101B3000B8190020B8190020C0190020C0190020D1
:101B4000C8190020C8190020D0190020D019002081
:101B5000D8190020D8190020E0190020E019002031
:101B6000E8190020E8190020F0190020F0190020E1
:101B7000F8190020F8190020001A0020001A00208F
:101B8000081A0020081A0020101A0020101A00203D
:101B9000181A0020181A0020201A0020201A0020ED
:101BA000281A0020281A0020301A0020301A00209D
:101BB000381A0020381A0020401A0020401A00204D
:101BC000481A0020481A0020501A0020501A0020FD
:101BD000581A0020581A0020601A0020601A0020AD
:101BE000681A0020681A0020701A0020701A00205D
:101BF000781A0020781A0020801A0020801A00200D
:101C0000881A0020881A0020901A0020901A0020BC
:101C1000981A0020981A0020A01A0020A01A00206C
:101C2000A81A0020A81A0020B01A0020B01A00201C
:101C3000B81A0020B81A0020C01A0020C01A0020CC
:101C4000C81A0020C81A0020D01A0020D01A00207C
:101C5000D81A0020D81A0020E01A0020E01A00202C
:101C6000E81A0020E81A0020F01A0020F01A0020DC
:101C7000F81A0020F81A0020001B0020001B00208A
:101C8000081B0020081B0020101B0020101B002038
:101C9000181B0020181B0020201B0020201B0020E8
:101CA000281B0020281B0020301B0020301B002098
:101CB000381B0020381B0020401B0020401B002048
:101CC000481B0020481B0020501B0020501B0020F8
:101CD000581B0020581B0020601B0020601B0020A8
:101CE000681B0020681B0020701B0020701B002058
:101CF000781B0020781B0020801B0020801B002008
:101D0000881B0020881B0020901B0020901B0020B7
:101D1000981B0020981B0020A01B0020A01B002067
:101D2000A81B0020A81B0020B01B0020B01B002017
:101D3000B81B0020B81B0020C01B0020C01B0020C7
:101D4000C81B0020C81B0020D01B0020D01B002077
:101D5000D81B0020D81B0020E01B0020E01B002027
:101D6000E81B0020E81B0020F01B0020F01B0020D7
:101D7000F81B0020F81B0020001C0020001C002085
:101D8000081C0020081C0020101C0020101C002033
:101D9000181C0020181C0020201C0020201C0020E3
:101DA000281C0020281C0020301C0020301C002093
:101DB000381C0020381C0020401C0020401C002043
:101DC000481C0020481C0020501C0020501C0020F3
:101DD000581C0020581C0020601C0020601C0020A3
:101DE000681C0020681C0020701C0020701C002053
:101DF000781C0020781C0020FFFFFFFF000002007D
:101E0000981C0020000000000000000014200020AA
:101E10007C200020E42000200000000000000000E2
:101E200000000000000000000000000000000000B2
:101E300000000000000000000000000000000000A2
:101E40000000000000000000000000000000000092
:101E50000000000000000000000000000000000082
:101E60000000000000000000000000000000000072
:101E70000000000000000000000000000000000062
:101E80000000000000000000000000000000000052
:101E90000000000000000000000000000000000042
:101EA00001000000000000000E33CDAB34126DE6DF
:101EB000ECDE05000B000000000000000000000048
:101EC0000000000000000000000000000000000012
:101ED0000000000000000000000000000000000002
:101EE00000000000000000000000000000000000F2
:101EF00000000000000000000000000000000000E2
:101F000000000000000000000000000000000000D1
:101F100000000000000000000000000000000000C1
:101F200000000000000000000000000000000000B1
:101F300000000000000000000000000000000000A1
:101F4000000000000000000000000000030000008E
:0C1F500014200020000000000000000031
:101F5C00D3DEFFFFFE010000FF010000DCE1FEFF0D
:041F6C00793512AB06
:040000051000014D99
:00000001FF
